"","LYL1","LYL2","LYL3","LYL4","LYL5","LYL6","Abundance","Type","phylum","class","order","family","genus","species"
"ASV364",0,0,0.001145968,0,0,0,0.000190995,"Pro","p__Cercozoa","c__Filosa-Thecofilosea","o__Cryomonadida","f__Rhogostoma-lineage","g__Rhogostoma-lineage_X","s__Rhogostoma-lineage_X_sp."
"ASV901",0,0.001145968,0,0.001862197,0,0,0.000501361,"Pro","p__Cercozoa","c__Filosa-Sarcomonadea","o__Glissomonadida","f__Sandonidae","g__Sandona","s__Sandona_sp."
"ASV28",0.015613809,0.018908466,0.01346512,0.010313709,0.011602922,0.006589314,0.01274889,"Pro","p__Cercozoa","c__Filosa-Sarcomonadea","o__Glissomonadida","f__Sandonidae","g__Neoheteromita","s__Neoheteromita_caudratti"
"ASV613",0,0.000859476,0.000286492,0,0.002148689,0.000429738,0.000620732,"Pro","p__Cercozoa","c__Filosa-Granofilosea","o__Cryptofilida","f__Mesofilidae","g__Mesofilidae_X","s__Mesofilidae_X_sp."
"ASV953",0,0,0,0.001718951,0,0.000429738,0.000358115,"Pro","p__Conosa","c__Variosea","o__ATCC50593-Flamella-WIM80-lineage","f__Flamella-lineage","g__Flamella","s__unclassified_g__Flamella"
"ASV893",0,0,0,0.002005443,0,0,0.000334241,"Pro","p__Apicomplexa","c__Apicomplexa_X","o__Gregarines","f__Gregarines_X","g__Gregarines_XX","s__Gregarines_XX_sp."
"ASV87",0,0.001002722,0.005156854,0.002291935,0.001145968,0.000859476,0.001742826,"Pro","p__Conosa","c__Variosea","o__Variosea_X","f__Filamoebidae","g__Filamoeba","s__unclassified_g__Filamoeba"
"ASV148",0.002291935,0.002148689,0.002864919,0,0.00143246,0.001575705,0.001718951,"Pro","p__Conosa","c__Variosea","o__Variosea_X","f__Variosea_XX","g__Variosea_XXX","s__Variosea_XXX_sp."
"ASV4616",0,0.002005443,0,0,0,0,0.000334241,"Pro","p__unclassified_k__Opisthokonta","c__unclassified_k__Opisthokonta","o__unclassified_k__Opisthokonta","f__unclassified_k__Opisthokonta","g__unclassified_k__Opisthokonta","s__unclassified_k__Opisthokonta"
"ASV1130",0,0,0,0.00071623,0.000572984,0,0.000214869,"Pro","p__Cercozoa","c__unclassified_p__Cercozoa","o__unclassified_p__Cercozoa","f__unclassified_p__Cercozoa","g__unclassified_p__Cercozoa","s__unclassified_p__Cercozoa"
"ASV1455",0,0,0,0,0.001718951,0,0.000286492,"Pro","p__Cercozoa","c__Filosa-Sarcomonadea","o__Glissomonadida","f__Allapsidae","g__Group-Te","s__Group-Te_sp."
"ASV621",0.002435181,0,0.000286492,0,0,0,0.000453612,"Pro","p__Conosa","c__Variosea","o__Variosea_X","f__Variosea_XX","g__Variosea_XXX","s__Variosea_XXX_sp."
"ASV1936",0.000859476,0,0,0,0.000429738,0,0.000214869,"Pro","p__Cercozoa","c__unclassified_p__Cercozoa","o__unclassified_p__Cercozoa","f__unclassified_p__Cercozoa","g__unclassified_p__Cercozoa","s__unclassified_p__Cercozoa"
"ASV2332",0.001145968,0,0,0,0,0,0.000190995,"Pro","p__Cercozoa","c__Filosa-Sarcomonadea","o__Cercomonadida","f__Paracercomonadidae","g__Paracercomonas","s__Paracercomonas_vonderheydeni"
"ASV373",0.000859476,0.003151411,0.000572984,0,0,0.000429738,0.000835601,"Pro","p__Perkinsea","c__Perkinsida","o__Perkinsida_X","f__Perkinsida_XX","g__Perkinsida_XXX","s__Perkinsida_XXX_sp."
"ASV1041",0.002578427,0,0,0.000572984,0,0,0.000525235,"Pro","p__unclassified_k__Opisthokonta","c__unclassified_k__Opisthokonta","o__unclassified_k__Opisthokonta","f__unclassified_k__Opisthokonta","g__unclassified_k__Opisthokonta","s__unclassified_k__Opisthokonta"
"ASV2260",0.008165019,0,0,0,0,0,0.001360837,"Pro","p__Cercozoa","c__Endomyxa","o__Vampyrellida","f__Leptophryidae","g__Leptophryidae_X","s__Leptophryidae_X_sp."
"ASV163",0,0,0.003151411,0.003008165,0,0,0.001026596,"Pro","p__Cercozoa","c__Filosa-Sarcomonadea","o__Glissomonadida","f__Sandonidae","g__Sandona","s__Sandona_sp."
"ASV2359",0.001002722,0,0,0,0,0,0.00016712,"Pro","p__unclassified_k__Opisthokonta","c__unclassified_k__Opisthokonta","o__unclassified_k__Opisthokonta","f__unclassified_k__Opisthokonta","g__unclassified_k__Opisthokonta","s__unclassified_k__Opisthokonta"
"ASV95",0,0,0.004583871,0,0,0.001718951,0.00105047,"Pro","p__Lobosa","c__Lobosa-G1","o__Lobosa-G1_X","f__Lobosa-G1_XX","g__Lobosa-G1_XXX","s__Lobosa-G1_XXX_sp."
"ASV1007",0,0,0,0.00071623,0.002291935,0.000572984,0.000596858,"Pro","p__Cercozoa","c__Filosa-Sarcomonadea","o__Glissomonadida","f__Allapsidae","g__Allapsidae_X","s__Allapsidae_X_sp."
"ASV928",0,0,0,0.00143246,0,0,0.000238743,"Pro","p__Ciliophora","c__Spirotrichea","o__Hypotrichia","f__unclassified_o__Hypotrichia","g__unclassified_o__Hypotrichia","s__unclassified_o__Hypotrichia"
"ASV1016",0,0.00071623,0,0.00071623,0,0,0.000238743,"Pro","p__Conosa","c__Variosea","o__Variosea_X","f__unclassified_o__Variosea_X","g__unclassified_o__Variosea_X","s__unclassified_o__Variosea_X"
"ASV2328",0.001289214,0,0,0,0,0,0.000214869,"Pro","p__Cercozoa","c__Filosa-Sarcomonadea","o__Glissomonadida","f__Allapsidae","g__Allantion","s__Allantion_sp."
"ASV2046",0.001145968,0,0,0,0.000286492,0,0.000238743,"Pro","p__Cercozoa","c__Endomyxa","o__Vampyrellida","f__Vampyrellida_X","g__unclassified_f__Vampyrellida_X","s__unclassified_f__Vampyrellida_X"
"ASV3263",0,0,0,0,0,0.001862197,0.000310366,"Pro","p__Conosa","c__Variosea","o__Variosea_X","f__unclassified_o__Variosea_X","g__unclassified_o__Variosea_X","s__unclassified_o__Variosea_X"
"ASV860",0,0,0,0.005013608,0.0053001,0,0.001718951,"Pro","p__Cercozoa","c__Filosa-Sarcomonadea","o__Cercomonadida","f__Cercomonadidae","g__Eocercomonas","s__Eocercomonas_ramosa"
"ASV175",0.006159576,0.003294657,0.002864919,0.002005443,0.001145968,0.001145968,0.002769422,"Pro","p__unclassified_k__Opisthokonta","c__unclassified_k__Opisthokonta","o__unclassified_k__Opisthokonta","f__unclassified_k__Opisthokonta","g__unclassified_k__Opisthokonta","s__unclassified_k__Opisthokonta"
"ASV2310",0.001718951,0,0,0,0,0,0.000286492,"Pro","p__Cercozoa","c__Filosa-Sarcomonadea","o__Cercomonadida","f__Cercomonadidae","g__Neocercomonas","s__Neocercomonas_jutlandica"
"ASV270",0,0,0.00143246,0,0,0,0.000238743,"Pro","p__Cercozoa","c__Filosa-Sarcomonadea","o__Glissomonadida","f__Allapsidae","g__Group-Te","s__Group-Te_sp."
"ASV2934",0,0.006302822,0,0,0,0,0.00105047,"Pro","p__Lobosa","c__Tubulinea","o__Echinamoebida","f__Vermamoebidae","g__unclassified_f__Vermamoebidae","s__unclassified_f__Vermamoebidae"
"ASV1820",0,0,0,0,0.005013608,0.001575705,0.001098219,"Pro","p__Cercozoa","c__Filosa-Sarcomonadea","o__Glissomonadida","f__unclassified_o__Glissomonadida","g__unclassified_o__Glissomonadida","s__unclassified_o__Glissomonadida"
"ASV166",0,0.002864919,0.003437903,0,0.003151411,0.00071623,0.001695077,"Pro","p__Conosa","c__Variosea","o__Variosea_X","f__Phalansteriidae","g__Phalansterium","s__Phalansterium_sp."
"ASV1424",0,0,0,0,0.001862197,0,0.000310366,"Pro","p__unclassified_k__Opisthokonta","c__unclassified_k__Opisthokonta","o__unclassified_k__Opisthokonta","f__unclassified_k__Opisthokonta","g__unclassified_k__Opisthokonta","s__unclassified_k__Opisthokonta"
"ASV2305",0.002005443,0,0,0,0,0,0.000334241,"Pro","p__Cercozoa","c__Filosa-Sarcomonadea","o__Cercomonadida","f__Cercomonadidae","g__Cercomonas","s__Cercomonas_plasmodialis"
"ASV321",0,0.006302822,0.000859476,0,0,0.00071623,0.001313088,"Pro","p__Conosa","c__Variosea","o__Variosea_X","f__Variosea_XX","g__Variosea_XXX","s__Variosea_XXX_sp."
"ASV120",0.008308265,0.004010887,0.003151411,0.007162298,0,0.001002722,0.003939264,"Pro","p__Ciliophora","c__Colpodea","o__Platyophryida","f__Platyophryidae","g__Platyophrya","s__unclassified_g__Platyophrya"
"ASV2349",0.001145968,0,0,0,0,0,0.000190995,"Pro","p__Lobosa","c__Tubulinea","o__Nolandida","f__Nolandellidae","g__Nolandellidae_X","s__Nolandellidae_X_sp."
"ASV445",0,0.000286492,0.000572984,0.000859476,0.002291935,0.000143246,0.000692355,"Pro","p__Apicomplexa","c__Apicomplexa_X","o__Coccidia","f__Eucoccidiorida","g__Cryptosporidium","s__Cryptosporidium_struthionis"
"ASV879",0,0.008594757,0,0.002291935,0,0.002578427,0.002244187,"Pro","p__Lobosa","c__Tubulinea","o__Echinamoebida","f__Vermamoebidae","g__Hartmannella","s__Hartmannella_sp."
"ASV4622",0,0.001718951,0,0,0,0,0.000286492,"Pro","p__Cercozoa","c__Filosa-Sarcomonadea","o__Glissomonadida","f__Sandonidae","g__unclassified_f__Sandonidae","s__unclassified_f__Sandonidae"
"ASV1037",0,0,0,0.001145968,0,0,0.000190995,"Pro","p__Cercozoa","c__Filosa-Sarcomonadea","o__Glissomonadida","f__Sandonidae","g__Sandona","s__Sandona_campae"
"ASV4591",0,0.004727116,0,0,0,0,0.000787853,"Pro","p__Lobosa","c__Lobosa-G1","o__Lobosa-G1_X","f__Lobosa-G1_XX","g__Lobosa-G1_XXX","s__Lobosa-G1_XXX_sp."
"ASV61",0,0.00673256,0.006302822,0.008881249,0.008165019,0.004154133,0.005705964,"Pro","p__Cercozoa","c__Endomyxa","o__Vampyrellida","f__Leptophryidae","g__Platyreta","s__Platyreta_germanica"
"ASV706",0.001289214,0,0,0.000572984,0.000286492,0,0.000358115,"Pro","p__Conosa","c__Variosea","o__Variosea_X","f__AND16-lineage","g__AND16-lineage_X","s__AND16-lineage_X_sp."
"ASV3265",0,0,0,0,0,0.001145968,0.000190995,"Pro","p__Lobosa","c__Lobosa-G1","o__Lobosa-G1_X","f__Lobosa-G1_XX","g__Lobosa-G1_XXX","s__Lobosa-G1_XXX_sp."
"ASV66",0.009167741,0.009597479,0.007019052,0.003437903,0.006302822,0.003437903,0.006493817,"Pro","p__Cercozoa","c__Filosa-Sarcomonadea","o__Cercomonadida","f__unclassified_o__Cercomonadida","g__unclassified_o__Cercomonadida","s__unclassified_o__Cercomonadida"
"ASV4590",0,0.007019052,0,0,0,0,0.001169842,"Pro","p__Lobosa","c__Lobosa-G1","o__Lobosa-G1_X","f__Lobosa-G1_XX","g__Lobosa-G1_XXX","s__Lobosa-G1_XXX_sp."
"ASV228",0.002291935,0.02549778,0.001718951,0.002435181,0.003151411,0.001145968,0.006040204,"Pro","p__unclassified_k__Opisthokonta","c__unclassified_k__Opisthokonta","o__unclassified_k__Opisthokonta","f__unclassified_k__Opisthokonta","g__unclassified_k__Opisthokonta","s__unclassified_k__Opisthokonta"
"ASV2330",0.001289214,0,0,0,0,0,0.000214869,"Pro","p__Conosa","c__Variosea","o__Variosea_X","f__Variosea_XX","g__Variosea_XXX","s__Variosea_XXX_sp."
"ASV303",0,0,0.001002722,0,0,0,0.00016712,"Pro","p__Cercozoa","c__unclassified_p__Cercozoa","o__unclassified_p__Cercozoa","f__unclassified_p__Cercozoa","g__unclassified_p__Cercozoa","s__unclassified_p__Cercozoa"
"ASV124",0.003724395,0.005443346,0.003724395,0.004154133,0.004727116,0.001575705,0.003891515,"Pro","p__Cercozoa","c__Filosa-Imbricatea","o__Euglyphida","f__Trinematidae","g__unclassified_f__Trinematidae","s__unclassified_f__Trinematidae"
"ASV1077",0,0,0,0.000859476,0.000859476,0.000429738,0.000358115,"Pro","p__Lobosa","c__Tubulinea","o__Nolandida","f__Nolandellidae","g__Nolandellidae_X","s__Nolandellidae_X_sp."
"ASV2354",0.001002722,0,0,0,0,0,0.00016712,"Pro","p__Ciliophora","c__Nassophorea","o__Nassophorea_X","f__Microthoracidae","g__Microthoracidae_X","s__Microthoracidae_X_sp."
"ASV547",0,0.000286492,0.000286492,0.000429738,0,0,0.00016712,"Pro","p__Cercozoa","c__Filosa-Sarcomonadea","o__Cercomonadida","f__Paracercomonadidae","g__Paracercomonas","s__Paracercomonas_filosa"
"ASV968",0,0,0,0.00143246,0,0.001289214,0.000453612,"Pro","p__Cercozoa","c__Filosa-Sarcomonadea","o__Glissomonadida","f__Sandonidae","g__unclassified_f__Sandonidae","s__unclassified_f__Sandonidae"
"ASV492",0,0.000859476,0.000429738,0,0,0.000286492,0.000262618,"Pro","p__Apicomplexa","c__Apicomplexa_X","o__unclassified_c__Apicomplexa_X","f__unclassified_c__Apicomplexa_X","g__unclassified_c__Apicomplexa_X","s__unclassified_c__Apicomplexa_X"
"ASV1853",0,0,0,0,0.001289214,0,0.000214869,"Pro","p__Cercozoa","c__Filosa-Sarcomonadea","o__Glissomonadida","f__Sandonidae","g__Neoheteromita","s__Neoheteromita_sp."
"ASV2345",0.001145968,0,0,0,0,0,0.000190995,"Pro","p__Cercozoa","c__Filosa-Sarcomonadea","o__Glissomonadida","f__Sandonidae","g__Neoheteromita","s__unclassified_g__Neoheteromita"
"ASV922",0,0,0,0.002291935,0,0,0.000381989,"Pro","p__Apicomplexa","c__Apicomplexa_X","o__Gregarines","f__Gregarines_X","g__Gregarines_XX","s__Gregarines_XX_sp."
"ASV2341",0.001145968,0.001145968,0,0,0,0,0.000381989,"Pro","p__unclassified_k__Opisthokonta","c__unclassified_k__Opisthokonta","o__unclassified_k__Opisthokonta","f__unclassified_k__Opisthokonta","g__unclassified_k__Opisthokonta","s__unclassified_k__Opisthokonta"
"ASV1982",0,0.00071623,0,0,0.000429738,0.001145968,0.000381989,"Pro","p__Lobosa","c__Tubulinea","o__Echinamoebida","f__Echinamoebidae","g__Echinamoeba","s__Echinamoeba_exundans"
"ASV147",0,0.001718951,0.003008165,0,0,0,0.000787853,"Pro","p__Cercozoa","c__Endomyxa","o__Vampyrellida","f__Leptophryidae","g__Leptophryidae_X","s__Leptophryidae_X_sp."
"ASV1919",0.002578427,0,0,0,0.000429738,0,0.000501361,"Pro","p__Ciliophora","c__Colpodea","o__Colpodida","f__Colpodida_X","g__Colpodida_XX","s__Colpodida_XX_sp."
"ASV925",0,0,0,0.001862197,0.001289214,0,0.000525235,"Pro","p__Cercozoa","c__Filosa-Thecofilosea","o__Cryomonadida","f__unclassified_o__Cryomonadida","g__unclassified_o__Cryomonadida","s__unclassified_o__Cryomonadida"
"ASV2267",0.004583871,0,0,0,0,0.003867641,0.001408585,"Pro","p__Ciliophora","c__Colpodea","o__Platyophryida","f__Sorogenidae","g__unclassified_f__Sorogenidae","s__unclassified_f__Sorogenidae"
"ASV2371",0.001002722,0,0,0,0,0,0.00016712,"Pro","p__Conosa","c__Variosea","o__Variosea_X","f__Variosea_XX","g__Variosea_XXX","s__Variosea_XXX_sp."
"ASV1136",0,0,0,0.000429738,0.000429738,0.000143246,0.00016712,"Pro","p__Amoebozoa_X","c__Amoebozoa_XX","o__UI13E03-lineage","f__UI13E03-lineage_X","g__UI13E03-lineage_XX","s__UI13E03-lineage_XX_sp."
"ASV2275",0.003294657,0,0,0,0,0,0.000549109,"Pro","p__Ciliophora","c__Litostomatea","o__Haptoria","f__Spathidiidae","g__unclassified_f__Spathidiidae","s__unclassified_f__Spathidiidae"
"ASV207",0.005443346,0.001575705,0.001718951,0.00601633,0.002291935,0.001862197,0.003151411,"Pro","p__Conosa","c__Variosea","o__Variosea_X","f__AND16-lineage","g__AND16-lineage_X","s__AND16-lineage_X_sp."
"ASV861",0,0,0,0.004010887,0,0,0.000668481,"Pro","p__Lobosa","c__Lobosa-G1","o__Lobosa-G1_X","f__Lobosa-G1_XX","g__Lobosa-G1_XXX","s__Lobosa-G1_XXX_sp."
"ASV1507",0,0.000286492,0,0,0,0.00071623,0.00016712,"Pro","p__Cercozoa","c__Filosa-Sarcomonadea","o__Glissomonadida","f__Proleptomonadidae","g__Proleptomonas","s__Proleptomonas_sp."
"ASV234",0,0,0.00143246,0,0.001002722,0,0.000405864,"Pro","p__Cercozoa","c__Filosa-Sarcomonadea","o__Glissomonadida","f__Sandonidae","g__Neoheteromita","s__Neoheteromita_caudratti"
"ASV69",0.005013608,0,0.003867641,0.003581149,0.001575705,0.001002722,0.002506804,"Pro","p__Conosa","c__Variosea","o__Variosea_X","f__AND16-lineage","g__AND16-lineage_X","s__AND16-lineage_X_sp."
"ASV838",0.011459676,0,0,0.010027217,0.01131643,0,0.005467221,"Pro","p__Cercozoa","c__Endomyxa","o__Vampyrellida","f__Leptophryidae","g__Platyreta","s__Platyreta_germanica"
"ASV2070",0.001002722,0,0,0,0.000286492,0,0.000214869,"Pro","p__Cercozoa","c__Filosa-Sarcomonadea","o__Glissomonadida","f__Sandonidae","g__Neoheteromita","s__Neoheteromita_caudratti"
"ASV2285",0.002721673,0,0,0,0,0,0.000453612,"Pro","p__Ciliophora","c__Spirotrichea","o__Hypotrichia","f__unclassified_o__Hypotrichia","g__unclassified_o__Hypotrichia","s__unclassified_o__Hypotrichia"
"ASV242",0,0,0.002005443,0,0,0,0.000334241,"Pro","p__Conosa","c__Variosea","o__Variosea_X","f__Variosea_XX","g__Variosea_XXX","s__Variosea_XXX_sp."
"ASV245",0,0,0.002005443,0,0,0,0.000334241,"Pro","p__Ciliophora","c__Spirotrichea","o__Hypotrichia","f__Oxytrichidae","g__Gonostomum","s__Gonostomum_strenuum"
"ASV411",0,0,0.001002722,0,0,0,0.00016712,"Pro","p__Cercozoa","c__Filosa-Sarcomonadea","o__Cercomonadida","f__unclassified_o__Cercomonadida","g__unclassified_o__Cercomonadida","s__unclassified_o__Cercomonadida"
"ASV2262",0.006302822,0,0,0,0,0.00071623,0.001169842,"Pro","p__Ciliophora","c__Colpodea","o__Colpodida","f__Colpodidae","g__unclassified_f__Colpodidae","s__unclassified_f__Colpodidae"
"ASV1089",0,0,0,0.00071623,0.000286492,0,0.00016712,"Pro","p__Apicomplexa","c__Apicomplexa_X","o__Gregarines","f__Gregarines_X","g__unclassified_f__Gregarines_X","s__unclassified_f__Gregarines_X"
"ASV4600",0,0.002578427,0,0,0,0,0.000429738,"Pro","p__Cercozoa","c__Filosa-Sarcomonadea","o__Cercomonadida","f__Paracercomonadidae","g__Nucleocercomonas","s__Nucleocercomonas_praelonga"
"ASV837",0.004870362,0.003437903,0,0.009167741,0.002435181,0,0.003318531,"Pro","p__Conosa","c__Variosea","o__Variosea_X","f__unclassified_o__Variosea_X","g__unclassified_o__Variosea_X","s__unclassified_o__Variosea_X"
"ASV2346",0.001145968,0,0,0,0,0,0.000190995,"Pro","p__Ciliophora","c__Colpodea","o__Platyophryida","f__Sorogenidae","g__unclassified_f__Sorogenidae","s__unclassified_f__Sorogenidae"
"ASV117",0,0,0.003724395,0,0.002005443,0.002005443,0.001289214,"Pro","p__Conosa","c__Variosea","o__Variosea_X","f__Variosea_XX","g__Variosea_XXX","s__Variosea_XXX_sp."
"ASV1846",0,0,0,0,0.002291935,0,0.000381989,"Pro","p__Lobosa","c__Tubulinea","o__Nolandida","f__Nolandellidae","g__Nolandellidae_X","s__Nolandellidae_X_sp."
"ASV1859",0,0,0,0,0.001145968,0,0.000190995,"Pro","p__Cercozoa","c__Filosa-Sarcomonadea","o__Glissomonadida","f__Glissomonadida_Clade-Y","g__Glissomonadida_Clade-Y_X","s__Glissomonadida_Clade-Y_X_sp."
"ASV240",0,0,0.002005443,0,0.000572984,0,0.000429738,"Pro","p__Conosa","c__Variosea","o__Variosea_X","f__Variosea_XX","g__Variosea_XXX","s__Variosea_XXX_sp."
"ASV83",0.010456955,0.006589314,0.00601633,0.014181349,0.002435181,0.00601633,0.00761591,"Pro","p__Conosa","c__Variosea","o__Variosea_X","f__AND16-lineage","g__AND16-lineage_X","s__AND16-lineage_X_sp."
"ASV962",0,0.000572984,0,0.00071623,0,0,0.000214869,"Pro","p__unclassified_k__Opisthokonta","c__unclassified_k__Opisthokonta","o__unclassified_k__Opisthokonta","f__unclassified_k__Opisthokonta","g__unclassified_k__Opisthokonta","s__unclassified_k__Opisthokonta"
"ASV2314",0.001575705,0,0,0,0,0,0.000262618,"Pro","p__Cercozoa","c__Filosa-Imbricatea","o__Thaumatomonadida","f__Thaumatomonadidae","g__Thaumatomonas","s__unclassified_g__Thaumatomonas"
"ASV654",0,0.00071623,0,0,0.000429738,0,0.000190995,"Pro","p__Cercozoa","c__unclassified_p__Cercozoa","o__unclassified_p__Cercozoa","f__unclassified_p__Cercozoa","g__unclassified_p__Cercozoa","s__unclassified_p__Cercozoa"
"ASV345",0.001862197,0.00143246,0.001145968,0.00143246,0.002148689,0.001002722,0.001504083,"Pro","p__Cercozoa","c__Filosa-Sarcomonadea","o__Cercomonadida","f__Paracercomonadidae","g__Paracercomonas","s__Paracercomonas_elongata"
"ASV2630",0,0.001002722,0,0,0,0,0.00016712,"Pro","p__Apicomplexa","c__Apicomplexa_X","o__Gregarines","f__Gregarines_X","g__Gregarines_XX","s__Gregarines_XX_sp."
"ASV341",0.002005443,0,0.000859476,0.00071623,0.000429738,0.000286492,0.00071623,"Pro","p__unclassified_k__Opisthokonta","c__unclassified_k__Opisthokonta","o__unclassified_k__Opisthokonta","f__unclassified_k__Opisthokonta","g__unclassified_k__Opisthokonta","s__unclassified_k__Opisthokonta"
"ASV319",0,0,0.00071623,0.001862197,0.001145968,0.000143246,0.000644607,"Pro","p__Cercozoa","c__Endomyxa","o__Vampyrellida","f__sm27-lineage","g__sm27-lineage_X","s__sm27-lineage_X_sp."
"ASV301",0,0.001718951,0.001575705,0,0,0,0.000549109,"Pro","p__Cercozoa","c__Filosa-Sarcomonadea","o__Cercomonadida","f__Cercomonadidae","g__Eocercomonas","s__Eocercomonas_ramosa"
"ASV29",0.004154133,0.003151411,0.011889414,0.002864919,0.005013608,0.001575705,0.004774865,"Pro","p__Apicomplexa","c__Apicomplexa_X","o__Gregarines","f__Gregarines_X","g__Stenophora","s__Stenophora_robusta"
"ASV1035",0,0,0,0.00071623,0.002005443,0,0.000453612,"Pro","p__Cercozoa","c__unclassified_p__Cercozoa","o__unclassified_p__Cercozoa","f__unclassified_p__Cercozoa","g__unclassified_p__Cercozoa","s__unclassified_p__Cercozoa"
"ASV198",0.002721673,0,0.002721673,0,0,0,0.000907224,"Pro","p__Conosa","c__Variosea","o__Variosea_X","f__AND16-lineage","g__AND16-lineage_X","s__AND16-lineage_X_sp."
"ASV430",0.00071623,0,0.000859476,0.001718951,0.00071623,0,0.000668481,"Pro","p__Conosa","c__Variosea","o__Variosea_X","f__AND16-lineage","g__AND16-lineage_X","s__AND16-lineage_X_sp."
"ASV2357",0.001002722,0,0,0,0,0,0.00016712,"Pro","p__Cercozoa","c__Filosa-Granofilosea","o__Limnofilida","f__Limnofilidae","g__Limnofilidae_X","s__Limnofilidae_X_sp."
"ASV1975",0.000859476,0,0,0,0.000143246,0,0.00016712,"Pro","p__Cercozoa","c__Novel-clade-10-12","o__Novel-clade-12","f__NC12B-lineage","g__NC12B-lineage_X","s__NC12B-lineage_X_sp."
"ASV947",0,0,0,0.001145968,0,0,0.000190995,"Pro","p__Cercozoa","c__unclassified_p__Cercozoa","o__unclassified_p__Cercozoa","f__unclassified_p__Cercozoa","g__unclassified_p__Cercozoa","s__unclassified_p__Cercozoa"
"ASV211",0,0,0.002291935,0.002005443,0.001718951,0.001289214,0.001217591,"Pro","p__Cercozoa","c__Filosa-Thecofilosea","o__Cryomonadida","f__Rhogostoma-lineage","g__Rhogostoma-lineage_X","s__Rhogostoma-lineage_X_sp."
"ASV910",0,0.004583871,0,0.001862197,0,0.004583871,0.001838323,"Pro","p__Lobosa","c__Tubulinea","o__Echinamoebida","f__Vermamoebidae","g__Hartmannella","s__Hartmannella_sp."
"ASV268",0,0,0.001145968,0,0,0,0.000190995,"Pro","p__Cercozoa","c__Filosa-Sarcomonadea","o__Glissomonadida","f__unclassified_o__Glissomonadida","g__unclassified_o__Glissomonadida","s__unclassified_o__Glissomonadida"
"ASV4609",0,0.001145968,0,0,0,0,0.000190995,"Pro","p__Cercozoa","c__Filosa-Sarcomonadea","o__unclassified_c__Filosa-Sarcomonadea","f__unclassified_c__Filosa-Sarcomonadea","g__unclassified_c__Filosa-Sarcomonadea","s__unclassified_c__Filosa-Sarcomonadea"
"ASV2336",0.001002722,0,0,0,0,0,0.00016712,"Pro","p__Cercozoa","c__Filosa-Granofilosea","o__Filosa-Granofilosea_X","f__Novel-Gran-6","g__Novel-Gran-6_X","s__Novel-Gran-6_X_sp."
"ASV1365",0,0.001289214,0,0,0,0,0.000214869,"Pro","p__Ciliophora","c__Colpodea","o__Platyophryida","f__Sorogenidae","g__unclassified_f__Sorogenidae","s__unclassified_f__Sorogenidae"
"ASV3278",0,0,0,0,0,0.001145968,0.000190995,"Pro","p__Ciliophora","c__Colpodea","o__Cyrtolophosidida","f__Cyrtolophosididae","g__Cyrtolophosididae_X","s__Cyrtolophosididae_X_sp."
"ASV4602",0,0.001862197,0,0,0,0,0.000310366,"Pro","p__Cercozoa","c__Filosa-Sarcomonadea","o__Glissomonadida","f__Sandonidae","g__unclassified_f__Sandonidae","s__unclassified_f__Sandonidae"
"ASV4613",0,0.00143246,0,0,0,0,0.000238743,"Pro","p__Lobosa","c__Lobosa-G1","o__Lobosa-G1_X","f__Lobosa-G1_XX","g__Lobosa-G1_XXX","s__Lobosa-G1_XXX_sp."
"ASV1847",0,0.001862197,0,0,0.001145968,0,0.000501361,"Pro","p__Cercozoa","c__Filosa-Sarcomonadea","o__Glissomonadida","f__Sandonidae","g__Sandonidae_X","s__Sandonidae_X_sp."
"ASV2388",0.00071623,0,0,0,0,0.000286492,0.00016712,"Pro","p__unclassified_k__Opisthokonta","c__unclassified_k__Opisthokonta","o__unclassified_k__Opisthokonta","f__unclassified_k__Opisthokonta","g__unclassified_k__Opisthokonta","s__unclassified_k__Opisthokonta"
"ASV1884",0,0,0,0,0.001145968,0.00071623,0.000310366,"Pro","p__Conosa","c__Mycetozoa-Myxogastrea","o__Trichiales","f__Trichiaceae","g__unclassified_f__Trichiaceae","s__unclassified_f__Trichiaceae"
"ASV920",0,0,0,0.001862197,0,0,0.000310366,"Pro","p__Conosa","c__Variosea","o__Variosea_X","f__Filamoebidae","g__Filamoeba","s__Filamoeba_sp."
"ASV1398",0.004010887,0,0,0,0.002005443,0,0.001002722,"Pro","p__Cercozoa","c__Filosa-Sarcomonadea","o__Cercomonadida","f__Cercomonadidae","g__unclassified_f__Cercomonadidae","s__unclassified_f__Cercomonadidae"
"ASV250",0,0,0.001145968,0,0,0,0.000190995,"Pro","p__Ciliophora","c__Colpodea","o__Cyrtolophosidida","f__Cyrtolophosididae","g__Cyrtolophosididae_X","s__Cyrtolophosididae_X_sp."
"ASV932",0,0,0,0.00143246,0.001289214,0,0.000453612,"Pro","p__Lobosa","c__Lobosa_X","o__Lobosa_XX","f__LKM74-lineage","g__LKM74-lineage_X","s__LKM74-lineage_X_sp."
"ASV2939",0,0.0053001,0,0,0,0,0.00088335,"Pro","p__Lobosa","c__Tubulinea","o__Leptomyxida","f__Flabellulidae","g__Flabellula","s__Flabellula_citata"
"ASV2565",0,0.002578427,0,0,0,0,0.000429738,"Pro","p__Cercozoa","c__Filosa-Sarcomonadea","o__Cercomonadida","f__Cercomonadidae","g__Eocercomonas","s__Eocercomonas_sp."
"ASV973",0,0,0,0.001289214,0,0,0.000214869,"Pro","p__Conosa","c__Variosea","o__Variosea_X","f__WIM1-lineage","g__WIM1-lineage_X","s__WIM1-lineage_X_sp."
"ASV1880",0,0,0,0,0.001145968,0,0.000190995,"Pro","p__Cercozoa","c__Filosa-Sarcomonadea","o__Cercomonadida","f__Paracercomonadidae","g__Nucleocercomonas","s__Nucleocercomonas_praelonga"
"ASV277",0.003867641,0.004297379,0.001575705,0.001002722,0,0.001289214,0.002005443,"Pro","p__Cercozoa","c__Filosa-Sarcomonadea","o__Glissomonadida","f__Glissomonadida_Clade-Y","g__Glissomonadida_Clade-Y_X","s__Glissomonadida_Clade-Y_X_sp."
"ASV1082",0.000572984,0,0,0.000429738,0.000429738,0,0.000238743,"Pro","p__Cercozoa","c__Filosa-Sarcomonadea","o__Cercomonadida","f__Cercomonadidae","g__Cercomonadidae_X","s__Cercomonadidae_X_sp."
"ASV3269",0,0,0,0,0,0.001002722,0.00016712,"Pro","p__Conosa","c__Variosea","o__Variosea_X","f__Variosea_XX","g__Variosea_XXX","s__Variosea_XXX_sp."
"ASV3297",0,0.001718951,0,0,0,0.000572984,0.000381989,"Pro","p__Cercozoa","c__Filosa-Sarcomonadea","o__Glissomonadida","f__Sandonidae","g__Neoheteromita","s__unclassified_g__Neoheteromita"
"ASV129",0.0053001,0.002148689,0.002721673,0,0,0.003008165,0.002196438,"Pro","p__Cercozoa","c__Endomyxa","o__Vampyrellida","f__Leptophryidae","g__Leptophryidae_X","s__Leptophryidae_X_sp."
"ASV897",0,0,0,0.002148689,0,0,0.000358115,"Pro","p__Ciliophora","c__Colpodea","o__Colpodida","f__Colpodidae","g__unclassified_f__Colpodidae","s__unclassified_f__Colpodidae"
"ASV215",0.003724395,0,0.002148689,0,0,0,0.000978847,"Pro","p__Cercozoa","c__Filosa-Sarcomonadea","o__Cercomonadida","f__Paracercomonadidae","g__Nucleocercomonas","s__Nucleocercomonas_praelonga"
"ASV174",0,0,0.002291935,0,0.001145968,0.002148689,0.000931099,"Pro","p__Ciliophora","c__Oligohymenophorea","o__unclassified_c__Oligohymenophorea","f__unclassified_c__Oligohymenophorea","g__unclassified_c__Oligohymenophorea","s__unclassified_c__Oligohymenophorea"
"ASV314",0,0,0.001145968,0,0,0.000143246,0.000214869,"Pro","p__Dinophyta","c__Dinophyceae","o__Dinophyceae_X","f__Dinophyceae_XX","g__unclassified_f__Dinophyceae_XX","s__unclassified_f__Dinophyceae_XX"
"ASV1878",0,0,0,0,0.001145968,0,0.000190995,"Pro","p__Cercozoa","c__Filosa-Sarcomonadea","o__Glissomonadida","f__Sandonidae","g__Neoheteromita","s__unclassified_g__Neoheteromita"
"ASV854",0,0,0,0.005156854,0,0,0.000859476,"Pro","p__Ciliophora","c__Spirotrichea","o__Hypotrichia","f__unclassified_o__Hypotrichia","g__unclassified_o__Hypotrichia","s__unclassified_o__Hypotrichia"
"ASV951",0,0,0,0.001145968,0,0,0.000190995,"Pro","p__Ciliophora","c__Litostomatea","o__Haptoria","f__Spathidiidae","g__unclassified_f__Spathidiidae","s__unclassified_f__Spathidiidae"
"ASV65",0.008881249,0.009024495,0.00744879,0,0.006159576,0.00143246,0.005491095,"Pro","p__Ciliophora","c__Spirotrichea","o__Hypotrichia","f__Oxytrichidae","g__unclassified_f__Oxytrichidae","s__unclassified_f__Oxytrichidae"
"ASV946",0,0,0,0.001145968,0,0,0.000190995,"Pro","p__Mesomycetozoa","c__Ichthyosporea","o__Ichthyosphonida","f__Pseudoperkinsidae","g__unclassified_f__Pseudoperkinsidae","s__unclassified_f__Pseudoperkinsidae"
"ASV27",0.010456955,0.007878527,0.01203266,0.015184071,0.008594757,0.003294657,0.009573605,"Pro","p__Cercozoa","c__Filosa-Sarcomonadea","o__Cercomonadida","f__Cercomonadidae","g__Cercomonas","s__Cercomonas_edax"
"ASV1646",0,0.001289214,0,0,0,0,0.000214869,"Pro","p__Cercozoa","c__Endomyxa","o__Vampyrellida","f__Vampyrellida_X","g__unclassified_f__Vampyrellida_X","s__unclassified_f__Vampyrellida_X"
"ASV384",0,0.001575705,0.00071623,0.000859476,0.00071623,0,0.000644607,"Pro","p__Cercozoa","c__Filosa-Sarcomonadea","o__Cercomonadida","f__Cercomonadidae","g__Eocercomonas","s__Eocercomonas_ramosa"
"ASV260",0,0,0.002435181,0.000859476,0,0,0.000549109,"Pro","p__Cercozoa","c__Filosa-Sarcomonadea","o__Glissomonadida","f__Proleptomonadidae","g__Proleptomonas","s__Proleptomonas_sp."
"ASV1823",0.003581149,0,0,0,0.003294657,0,0.001145968,"Pro","p__Ciliophora","c__Spirotrichea","o__Hypotrichia","f__Oxytrichidae","g__unclassified_f__Oxytrichidae","s__unclassified_f__Oxytrichidae"
"ASV325",0,0,0.001289214,0,0,0,0.000214869,"Pro","p__Ciliophora","c__Litostomatea","o__Haptoria","f__unclassified_o__Haptoria","g__unclassified_o__Haptoria","s__unclassified_o__Haptoria"
"ASV1414",0,0,0,0,0.00143246,0,0.000238743,"Pro","p__Cercozoa","c__unclassified_p__Cercozoa","o__unclassified_p__Cercozoa","f__unclassified_p__Cercozoa","g__unclassified_p__Cercozoa","s__unclassified_p__Cercozoa"
"ASV4637",0,0.001002722,0,0,0,0,0.00016712,"Pro","p__Perkinsea","c__Perkinsida","o__Perkinsida_X","f__Perkinsida_XX","g__Perkinsida_XXX","s__Perkinsida_XXX_sp."
"ASV1001",0,0.000429738,0,0.001002722,0,0,0.000238743,"Pro","p__Conosa","c__Variosea","o__Variosea_X","f__AND16-lineage","g__AND16-lineage_X","s__AND16-lineage_X_sp."
"ASV836",0,0.003724395,0,0.009024495,0,0.002721673,0.002578427,"Pro","p__Ciliophora","c__Colpodea","o__Platyophryida","f__Platyophryidae","g__Platyophrya","s__unclassified_g__Platyophrya"
"ASV4606",0,0.002148689,0,0,0,0,0.000358115,"Pro","p__Cercozoa","c__Filosa-Sarcomonadea","o__Glissomonadida","f__Sandonidae","g__Sandona","s__Sandona_sp."
"ASV1029",0,0,0,0.00071623,0.000286492,0,0.00016712,"Pro","p__Choanoflagellida","c__Choanoflagellatea","o__unclassified_c__Choanoflagellatea","f__unclassified_c__Choanoflagellatea","g__unclassified_c__Choanoflagellatea","s__unclassified_c__Choanoflagellatea"
"ASV2261",0.00673256,0,0,0,0,0,0.001122093,"Pro","p__Lobosa","c__Lobosa-G1","o__Lobosa-G1_X","f__Lobosa-G1_XX","g__Lobosa-G1_XXX","s__Lobosa-G1_XXX_sp."
"ASV448",0.0053001,0.00143246,0.00071623,0.000572984,0,0.001575705,0.00159958,"Pro","p__Perkinsea","c__Perkinsida","o__Perkinsida_X","f__Perkinsida_XX","g__Perkinsida_XXX","s__Perkinsida_XXX_sp."
"ASV478",0,0,0.00071623,0,0.000429738,0,0.000190995,"Pro","p__Cercozoa","c__unclassified_p__Cercozoa","o__unclassified_p__Cercozoa","f__unclassified_p__Cercozoa","g__unclassified_p__Cercozoa","s__unclassified_p__Cercozoa"
"ASV2579",0,0.001289214,0,0,0,0,0.000214869,"Pro","p__Ciliophora","c__Spirotrichea","o__Hypotrichia","f__Oxytrichidae","g__Oxytricha","s__Oxytricha_sp."
"ASV58",0,0.0053001,0.007878527,0.00673256,0.001718951,0.004297379,0.004321253,"Pro","p__Cercozoa","c__Filosa-Sarcomonadea","o__Cercomonadida","f__Cercomonadidae","g__Cercomonas","s__Cercomonas_longicauda"
"ASV2361",0.001002722,0,0,0,0,0,0.00016712,"Pro","p__unclassified_k__Alveolata","c__unclassified_k__Alveolata","o__unclassified_k__Alveolata","f__unclassified_k__Alveolata","g__unclassified_k__Alveolata","s__unclassified_k__Alveolata"
"ASV2010",0,0.001575705,0,0,0.000286492,0.002578427,0.000740104,"Pro","p__Lobosa","c__Tubulinea","o__Echinamoebida","f__Vermamoebidae","g__Hartmannella","s__Hartmannella_sp."
"ASV1092",0.000572984,0,0,0.00071623,0,0,0.000214869,"Pro","p__Cercozoa","c__Filosa","o__Filosa_X","f__Filosa_XX","g__Filosa_XXX","s__Filosa_XXX_sp."
"ASV3258",0,0,0,0,0,0.002291935,0.000381989,"Pro","p__Lobosa","c__Tubulinea","o__Leptomyxida","f__Flabellulidae","g__Flabellula","s__Flabellula_citata"
"ASV940",0,0,0,0.001289214,0,0.000572984,0.000310366,"Pro","p__Cercozoa","c__Filosa-Sarcomonadea","o__Glissomonadida","f__Sandonidae","g__unclassified_f__Sandonidae","s__unclassified_f__Sandonidae"
"ASV1009",0,0,0,0.001289214,0,0,0.000214869,"Pro","p__Ciliophora","c__Colpodea","o__Colpodida","f__Colpodidae","g__Colpodidae_X","s__Colpodidae_X_sp."
"ASV162",0,0.003008165,0.002864919,0.004440625,0,0,0.001718951,"Pro","p__Cercozoa","c__Filosa-Sarcomonadea","o__Glissomonadida","f__unclassified_o__Glissomonadida","g__unclassified_o__Glissomonadida","s__unclassified_o__Glissomonadida"
"ASV105",0.007735281,0.004870362,0.004583871,0.006446068,0.003437903,0.003437903,0.005085231,"Pro","p__Cercozoa","c__Filosa-Sarcomonadea","o__Glissomonadida","f__Sandonidae","g__Sandonidae_X","s__Sandonidae_X_sp."
"ASV3266",0,0,0,0,0,0.001575705,0.000262618,"Pro","p__Conosa","c__Variosea","o__Variosea_X","f__unclassified_o__Variosea_X","g__unclassified_o__Variosea_X","s__unclassified_o__Variosea_X"
"ASV170",0,0.004583871,0.001862197,0.004154133,0.003581149,0.003008165,0.002864919,"Pro","p__Conosa","c__Variosea","o__Variosea_X","f__AND16-lineage","g__AND16-lineage_X","s__AND16-lineage_X_sp."
"ASV370",0,0,0.001002722,0,0.000286492,0,0.000214869,"Pro","p__Dinophyta","c__Dinophyceae","o__Dinophyceae_X","f__unclassified_o__Dinophyceae_X","g__unclassified_o__Dinophyceae_X","s__unclassified_o__Dinophyceae_X"
"ASV461",0,0,0.001002722,0,0,0,0.00016712,"Pro","p__unclassified_k__Opisthokonta","c__unclassified_k__Opisthokonta","o__unclassified_k__Opisthokonta","f__unclassified_k__Opisthokonta","g__unclassified_k__Opisthokonta","s__unclassified_k__Opisthokonta"
"ASV1844",0,0,0,0,0.002435181,0,0.000405864,"Pro","p__Cercozoa","c__Filosa-Sarcomonadea","o__Cercomonadida","f__Cercomonadidae","g__Eocercomonas","s__unclassified_g__Eocercomonas"
"ASV874",0.002578427,0.002578427,0,0.003151411,0,0,0.001384711,"Pro","p__Ciliophora","c__Colpodea","o__Cyrtolophosidida","f__Cyrtolophosididae","g__Cyrtolophosididae_X","s__Cyrtolophosididae_X_sp."
"ASV183",0.002721673,0.003867641,0.002148689,0.004727116,0.005873084,0.00143246,0.003461777,"Pro","p__Cercozoa","c__Filosa-Sarcomonadea","o__Glissomonadida","f__Sandonidae","g__Neoheteromita","s__Neoheteromita_caudratti"
"ASV4612",0,0.002005443,0,0,0,0,0.000334241,"Pro","p__Lobosa","c__Tubulinea","o__Nolandida","f__Nolandellidae","g__Nolandellidae_X","s__Nolandellidae_X_sp."
"ASV2320",0.001289214,0,0,0,0,0,0.000214869,"Pro","p__Cercozoa","c__Endomyxa","o__Vampyrellida","f__sm27-lineage","g__sm27-lineage_X","s__sm27-lineage_X_sp."
"ASV4598",0,0.003008165,0,0,0,0,0.000501361,"Pro","p__Conosa","c__Variosea","o__Variosea_X","f__Variosea_XX","g__Variosea_XXX","s__Variosea_XXX_sp."
"ASV2299",0.001862197,0,0,0,0,0,0.000310366,"Pro","p__Apicomplexa","c__Apicomplexa_X","o__Gregarines","f__Gregarines_X","g__unclassified_f__Gregarines_X","s__unclassified_f__Gregarines_X"
"ASV898",0,0,0,0.002291935,0,0,0.000381989,"Pro","p__Cercozoa","c__Filosa-Granofilosea","o__Cryptofilida","f__Mesofilidae","g__Mesofilidae_X","s__Mesofilidae_X_sp."
"ASV123",0,0.000859476,0.003437903,0,0.004727116,0.001145968,0.001695077,"Pro","p__Ciliophora","c__Colpodea","o__Platyophryida","f__unclassified_o__Platyophryida","g__unclassified_o__Platyophryida","s__unclassified_o__Platyophryida"
"ASV900",0,0,0,0.002148689,0,0,0.000358115,"Pro","p__Lobosa","c__Tubulinea","o__Nolandida","f__Nolandellidae","g__Nolandellidae_X","s__Nolandellidae_X_sp."
"ASV1901",0,0,0,0,0.001289214,0,0.000214869,"Pro","p__Cercozoa","c__Filosa-Sarcomonadea","o__Cercomonadida","f__Paracercomonadidae","g__Paracercomonas","s__Paracercomonas_metabolica"
"ASV2293",0.002291935,0,0,0,0,0,0.000381989,"Pro","p__Conosa","c__Variosea","o__Variosea_X","f__Variosea_XX","g__Variosea_XXX","s__Variosea_XXX_sp."
"ASV834",0,0,0,0.015327317,0.008881249,0,0.004034761,"Pro","p__Lobosa","c__Lobosa_X","o__Lobosa_XX","f__LKM74-lineage","g__LKM74-lineage_X","s__LKM74-lineage_X_sp."
"ASV53",0.013178628,0.010600201,0.008021773,0.010743446,0.157857041,0.004870362,0.034211909,"Pro","p__Conosa","c__Variosea","o__Variosea_X","f__unclassified_o__Variosea_X","g__unclassified_o__Variosea_X","s__unclassified_o__Variosea_X"
"ASV121",0.005443346,0.002005443,0.004297379,0.003294657,0.004154133,0.001862197,0.003509526,"Pro","p__Cercozoa","c__Filosa-Sarcomonadea","o__Glissomonadida","f__Sandonidae","g__Sandona","s__Sandona_sp."
"ASV975",0,0,0,0.001145968,0,0,0.000190995,"Pro","p__Apicomplexa","c__Apicomplexa_X","o__Coccidia","f__Eucoccidiorida","g__Cryptosporidium","s__Cryptosporidium_struthionis"
"ASV549",0,0.000286492,0.000429738,0,0.001145968,0,0.000310366,"Pro","p__Cercozoa","c__Endomyxa","o__Vampyrellida","f__Leptophryidae","g__Leptophryidae_X","s__Leptophryidae_X_sp."
"ASV1828",0,0,0,0,0.003151411,0,0.000525235,"Pro","p__Lobosa","c__Tubulinea","o__Leptomyxida","f__Flabellulidae","g__Flabellula","s__Flabellula_citata"
"ASV1141",0.001718951,0,0,0.000429738,0,0,0.000358115,"Pro","p__Perkinsea","c__Perkinsida","o__Perkinsida_X","f__Perkinsida_XX","g__Perkinsida_XXX","s__Perkinsida_XXX_sp."
"ASV939",0.001575705,0.000572984,0,0.001575705,0.000286492,0,0.000668481,"Pro","p__Conosa","c__Variosea","o__Variosea_X","f__unclassified_o__Variosea_X","g__unclassified_o__Variosea_X","s__unclassified_o__Variosea_X"
"ASV1389",0,0.015900301,0,0,0,0,0.00265005,"Pro","p__Lobosa","c__Lobosa-G1","o__Lobosa-G1_X","f__Lobosa-G1_XX","g__Lobosa-G1_XXX","s__Lobosa-G1_XXX_sp."
"ASV1817",0,0,0,0,0.007162298,0,0.001193716,"Pro","p__Ciliophora","c__Spirotrichea","o__Hypotrichia","f__Oxytrichidae","g__unclassified_f__Oxytrichidae","s__unclassified_f__Oxytrichidae"
"ASV251",0,0,0.002291935,0,0,0,0.000381989,"Pro","p__Conosa","c__Variosea","o__Variosea_X","f__Filamoebidae","g__Filamoeba","s__Filamoeba_sp."
"ASV4621",0,0.001145968,0,0,0,0,0.000190995,"Pro","p__Ciliophora","c__Litostomatea","o__Haptoria","f__Tracheliidae","g__unclassified_f__Tracheliidae","s__unclassified_f__Tracheliidae"
"ASV890",0,0,0,0.002148689,0,0.000429738,0.000429738,"Pro","p__Cercozoa","c__unclassified_p__Cercozoa","o__unclassified_p__Cercozoa","f__unclassified_p__Cercozoa","g__unclassified_p__Cercozoa","s__unclassified_p__Cercozoa"
"ASV964",0,0,0,0.001145968,0,0,0.000190995,"Pro","p__Conosa","c__Variosea","o__Variosea_X","f__Variosea_XX","g__Variosea_XXX","s__Variosea_XXX_sp."
"ASV142",0,0.00673256,0.002721673,0.004870362,0.002578427,0.001145968,0.003008165,"Pro","p__Lobosa","c__Tubulinea","o__Nolandida","f__Nolandellidae","g__Nolandellidae_X","s__Nolandellidae_X_sp."
"ASV271",0,0,0.001718951,0,0,0,0.000286492,"Pro","p__unclassified_k__Opisthokonta","c__unclassified_k__Opisthokonta","o__unclassified_k__Opisthokonta","f__unclassified_k__Opisthokonta","g__unclassified_k__Opisthokonta","s__unclassified_k__Opisthokonta"
"ASV1008",0,0,0,0.000572984,0.001145968,0,0.000286492,"Pro","p__Cercozoa","c__Filosa-Imbricatea","o__Filosa-Imbricatea_X","f__Nudifilidae","g__Nudifila","s__Nudifila_producta"
"ASV868",0,0,0,0.003724395,0,0,0.000620732,"Pro","p__Conosa","c__Variosea","o__Variosea_X","f__Variosea_XX","g__Variosea_XXX","s__Variosea_XXX_sp."
"ASV1895",0,0.000859476,0,0,0.00071623,0,0.000262618,"Pro","p__Choanoflagellida","c__Choanoflagellida_X","o__Choanoflagellida_XX","f__Clade-2","g__Clade-2_X","s__Clade-2_X_sp."
"ASV286",0,0,0.001145968,0,0,0,0.000190995,"Pro","p__Cercozoa","c__Filosa-Sarcomonadea","o__Cercomonadida","f__Cercomonadidae","g__Eocercomonas","s__Eocercomonas_sp."
"ASV3282",0,0,0,0,0,0.001002722,0.00016712,"Pro","p__Lobosa","c__Tubulinea","o__Nolandida","f__Nolandellidae","g__Nolandellidae_X","s__Nolandellidae_X_sp."
"ASV1201",0,0,0,0.000286492,0.001002722,0,0.000214869,"Pro","p__Cercozoa","c__Filosa-Sarcomonadea","o__Glissomonadida","f__Sandonidae","g__Sandonidae_X","s__Sandonidae_X_sp."
"ASV3268",0,0,0,0,0,0.001145968,0.000190995,"Pro","p__Cercozoa","c__unclassified_p__Cercozoa","o__unclassified_p__Cercozoa","f__unclassified_p__Cercozoa","g__unclassified_p__Cercozoa","s__unclassified_p__Cercozoa"
"ASV1710",0,0,0,0,0.001002722,0.000429738,0.000238743,"Pro","p__Cercozoa","c__Filosa-Imbricatea","o__Thaumatomonadida","f__Thaumatomonadidae","g__Thaumatomonas","s__unclassified_g__Thaumatomonas"
"ASV866",0,0,0,0.003724395,0,0,0.000620732,"Pro","p__Lobosa","c__Tubulinea","o__Leptomyxida","f__Flabellulidae","g__Flabellula","s__Flabellula_citata"
"ASV1832",0,0,0,0,0.003008165,0,0.000501361,"Pro","p__Cercozoa","c__Filosa-Sarcomonadea","o__Glissomonadida","f__Sandonidae","g__unclassified_f__Sandonidae","s__unclassified_f__Sandonidae"
"ASV296",0,0,0.001002722,0,0,0,0.00016712,"Pro","p__Cercozoa","c__Filosa-Sarcomonadea","o__Filosa-Sarcomonadea_X","f__Filosa-Sarcomonadea_XX","g__Filosa-Sarcomonadea_XXX","s__Filosa-Sarcomonadea_XXX_sp."
"ASV278",0.001862197,0.002291935,0.001575705,0.002721673,0.003581149,0.000859476,0.002148689,"Pro","p__Cercozoa","c__Filosa-Sarcomonadea","o__Glissomonadida","f__Sandonidae","g__unclassified_f__Sandonidae","s__unclassified_f__Sandonidae"
"ASV369",0,0.001862197,0.001575705,0,0,0,0.000572984,"Pro","p__Cercozoa","c__Filosa-Thecofilosea","o__Cryomonadida","f__Rhogostoma-lineage","g__Rhogostoma-lineage_X","s__Rhogostoma-lineage_X_sp."
"ASV852",0.008308265,0.007878527,0,0.005586592,0.006159576,0.002005443,0.004989734,"Pro","p__Cercozoa","c__Filosa-Thecofilosea","o__Cryomonadida","f__Rhogostoma-lineage","g__Rhogostoma-lineage_X","s__Rhogostoma-lineage_X_sp."
"ASV1649",0,0.001002722,0,0,0.000429738,0,0.000238743,"Pro","p__Cercozoa","c__Cercozoa_X","o__Cercozoa_XX","f__Cercozoa_XXX","g__Cercozoa_XXXX","s__Cercozoa_XXXX_sp."
"ASV1909",0,0.000429738,0,0,0.000572984,0,0.00016712,"Pro","p__Cercozoa","c__unclassified_p__Cercozoa","o__unclassified_p__Cercozoa","f__unclassified_p__Cercozoa","g__unclassified_p__Cercozoa","s__unclassified_p__Cercozoa"
"ASV2306",0.002005443,0,0,0,0,0,0.000334241,"Pro","p__Conosa","c__Variosea","o__Variosea_X","f__Variosea_XX","g__Variosea_XXX","s__Variosea_XXX_sp."
"ASV981",0,0,0,0.001575705,0,0,0.000262618,"Pro","p__Discoba","c__Jakobida","o__Jakobida_X","f__Jakobidae","g__Andalucia","s__Andalucia_sp."
"ASV424",0,0,0.000429738,0.001002722,0.000143246,0,0.000262618,"Pro","p__Lobosa","c__Tubulinea","o__Nolandida","f__Nolandellidae","g__Nolandellidae_X","s__Nolandellidae_X_sp."
"ASV118",0.001145968,0.000859476,0.003294657,0.003294657,0,0,0.00143246,"Pro","p__Dinophyta","c__Dinophyceae","o__Dinophyceae_X","f__Dinophyceae_XX","g__unclassified_f__Dinophyceae_XX","s__unclassified_f__Dinophyceae_XX"
"ASV1558",0.001002722,0.001289214,0,0,0,0,0.000381989,"Pro","p__Cercozoa","c__unclassified_p__Cercozoa","o__unclassified_p__Cercozoa","f__unclassified_p__Cercozoa","g__unclassified_p__Cercozoa","s__unclassified_p__Cercozoa"
"ASV60",0,0,0.00744879,0.008881249,0,0.001862197,0.003032039,"Pro","p__Dinophyta","c__Dinophyceae","o__Dinophyceae_X","f__Dinophyceae_XX","g__Brandtodinium","s__Brandtodinium_nutricula"
"ASV3283",0,0,0,0,0,0.001145968,0.000190995,"Pro","p__Discoba","c__Heterolobosea","o__Heterolobosea_X","f__Heterolobosea_XX","g__Heterolobosea_XXX","s__Heterolobosea_XXX_sp."
"ASV841",0,0,0,0.007592036,0,0,0.001265339,"Pro","p__Ciliophora","c__Spirotrichea","o__Hypotrichia","f__unclassified_o__Hypotrichia","g__unclassified_o__Hypotrichia","s__unclassified_o__Hypotrichia"
"ASV2308",0.001862197,0,0,0,0,0,0.000310366,"Pro","p__Cercozoa","c__Filosa-Sarcomonadea","o__Glissomonadida","f__unclassified_o__Glissomonadida","g__unclassified_o__Glissomonadida","s__unclassified_o__Glissomonadida"
"ASV994",0,0,0,0.001145968,0,0,0.000190995,"Pro","p__Cercozoa","c__Filosa-Imbricatea","o__Euglyphida","f__Euglyphida_X","g__Euglyphida_XX","s__Euglyphida_XX_sp."
"ASV232",0,0.002291935,0.002291935,0,0.002864919,0,0.001241465,"Pro","p__Cercozoa","c__Filosa-Imbricatea","o__Euglyphida","f__Euglyphida_X","g__Euglyphida_XX","s__Euglyphida_XX_sp."
"ASV184",0.000572984,0.001289214,0.002721673,0.002578427,0.002578427,0.001145968,0.001814449,"Pro","p__Cercozoa","c__Endomyxa","o__Vampyrellida","f__Penardia-lineage","g__Penardia-lineage_X","s__Penardia-lineage_X_sp."
"ASV1437",0,0,0,0,0.001002722,0,0.00016712,"Pro","p__Cercozoa","c__Endomyxa","o__Vampyrellida","f__Leptophryidae","g__Leptophryidae_X","s__Leptophryidae_X_sp."
"ASV2607",0,0.004870362,0,0,0,0.002005443,0.001145968,"Pro","p__Ciliophora","c__Colpodea","o__Platyophryida","f__Platyophryida_X","g__Kuklikophrya","s__Kuklikophrya_ougandae"
"ASV39",0,0,0.008594757,0,0,0,0.00143246,"Pro","p__Lobosa","c__Tubulinea","o__Leptomyxida","f__Flabellulidae","g__Flabellula","s__Flabellula_citata"
"ASV3274",0,0,0,0,0,0.001002722,0.00016712,"Pro","p__Cercozoa","c__Endomyxa","o__Vampyrellida","f__Leptophryidae","g__Leptophryidae_X","s__Leptophryidae_X_sp."
"ASV86",0,0.006446068,0.004583871,0,0.00143246,0.00143246,0.00231581,"Pro","p__Cercozoa","c__Endomyxa","o__Vampyrellida","f__Leptophryidae","g__Leptophryidae_X","s__Leptophryidae_X_sp."
"ASV225",0,0,0.002435181,0.002721673,0,0,0.000859476,"Pro","p__Cercozoa","c__Filosa-Sarcomonadea","o__Glissomonadida","f__Allapsidae","g__Teretomonas","s__Teretomonas_rotunda"
"ASV73",0.010170463,0.007305544,0.006446068,0.007305544,0.007592036,0.002148689,0.006828057,"Pro","p__Cercozoa","c__Filosa-Sarcomonadea","o__Glissomonadida","f__Sandonidae","g__Sandonidae_X","s__Sandonidae_X_sp."
"ASV1907",0.000429738,0,0,0,0.000859476,0,0.000214869,"Pro","p__Conosa","c__Variosea","o__Variosea_X","f__WIM1-lineage","g__WIM1-lineage_X","s__WIM1-lineage_X_sp."
"ASV1065",0,0.002005443,0,0.00071623,0,0,0.000453612,"Pro","p__Cercozoa","c__Filosa-Sarcomonadea","o__Glissomonadida","f__Allapsidae","g__unclassified_f__Allapsidae","s__unclassified_f__Allapsidae"
"ASV899",0.00143246,0.00071623,0,0.002005443,0,0,0.000692355,"Pro","p__Discoba","c__Heterolobosea","o__Heterolobosea_X","f__Gruberellidae","g__Stachyamoeba","s__Stachyamoeba_sp."
"ASV849",0.002721673,0,0,0.005586592,0,0,0.001384711,"Pro","p__Conosa","c__Variosea","o__ATCC50593-Flamella-WIM80-lineage","f__Flamella-lineage","g__Flamella","s__unclassified_g__Flamella"
"ASV1081",0,0,0,0.00071623,0.000572984,0,0.000214869,"Pro","p__Cercozoa","c__Endomyxa","o__Vampyrellida","f__Vampyrellida_X","g__Thalassomyxa","s__Thalassomyxa_sp."
"ASV4614",0,0.001718951,0,0,0,0,0.000286492,"Pro","p__Conosa","c__Variosea","o__Variosea_X","f__Phalansteriidae","g__Phalansterium","s__unclassified_g__Phalansterium"
"ASV7",0.024638304,0.024208566,0.02549778,0.022059877,0.025354534,0.009310987,0.021845008,"Pro","p__Cercozoa","c__Filosa-Sarcomonadea","o__Glissomonadida","f__Sandonidae","g__Neoheteromita","s__unclassified_g__Neoheteromita"
"ASV873",0,0,0,0.003008165,0,0,0.000501361,"Pro","p__Lobosa","c__Lobosa-G1","o__Lobosa-G1_X","f__Lobosa-G1_XX","g__Lobosa-G1_XXX","s__Lobosa-G1_XXX_sp."
"ASV1845",0,0,0,0,0.001862197,0,0.000310366,"Pro","p__Cercozoa","c__Filosa-Sarcomonadea","o__unclassified_c__Filosa-Sarcomonadea","f__unclassified_c__Filosa-Sarcomonadea","g__unclassified_c__Filosa-Sarcomonadea","s__unclassified_c__Filosa-Sarcomonadea"
"ASV392",0,0,0.001145968,0,0,0,0.000190995,"Pro","p__Lobosa","c__Tubulinea","o__Nolandida","f__Nolandellidae","g__Nolandellidae_X","s__Nolandellidae_X_sp."
"ASV340",0,0.00071623,0.001289214,0,0,0,0.000334241,"Pro","p__Cercozoa","c__Cercozoa_X","o__Cercozoa_XX","f__Cercozoa_XXX","g__Cercozoa_XXXX","s__Cercozoa_XXXX_sp."
"ASV10",0.026357255,0.032087094,0.027216731,0.029795158,0.030511388,0.011746168,0.026285632,"Pro","p__Cercozoa","c__Filosa-Sarcomonadea","o__Glissomonadida","f__Sandonidae","g__unclassified_f__Sandonidae","s__unclassified_f__Sandonidae"
"ASV1012",0,0.001145968,0,0.00071623,0.000572984,0.000286492,0.000453612,"Pro","p__Cercozoa","c__Filosa-Sarcomonadea","o__Cercomonadida","f__Cercomonadidae","g__Cercomonadidae_X","s__Cercomonadidae_X_sp."
"ASV959",0,0,0,0.001002722,0,0,0.00016712,"Pro","p__Lobosa","c__Tubulinea","o__Nolandida","f__Nolandellidae","g__Nolandellidae_X","s__Nolandellidae_X_sp."
"ASV1038",0,0,0,0.001002722,0,0,0.00016712,"Pro","p__Cercozoa","c__Filosa-Sarcomonadea","o__Glissomonadida","f__Glissomonadida_X","g__Glissomonadida_XX","s__Glissomonadida_XX_sp."
"ASV56",0.021773385,0.010600201,0.006446068,0.01203266,0.005873084,0.015184071,0.011984911,"Pro","p__unclassified_k__Opisthokonta","c__unclassified_k__Opisthokonta","o__unclassified_k__Opisthokonta","f__unclassified_k__Opisthokonta","g__unclassified_k__Opisthokonta","s__unclassified_k__Opisthokonta"
"ASV23",0.006446068,0.011746168,0.010886692,0.014611087,0.01131643,0.007305544,0.010385332,"Pro","p__Cercozoa","c__Filosa-Sarcomonadea","o__Glissomonadida","f__Proleptomonadidae","g__Proleptomonas","s__Proleptomonas_faecicola"
"ASV231",0,0,0.001575705,0,0,0,0.000262618,"Pro","p__Cercozoa","c__Filosa-Imbricatea","o__Euglyphida","f__Euglyphida_X","g__Euglyphida_XX","s__Euglyphida_XX_sp."
"ASV2257",0.009883971,0,0,0,0,0,0.001647328,"Pro","p__Conosa","c__Variosea","o__Variosea_X","f__AND16-lineage","g__AND16-lineage_X","s__AND16-lineage_X_sp."
"ASV2269",0.004010887,0,0,0,0,0,0.000668481,"Pro","p__Cercozoa","c__Filosa-Sarcomonadea","o__Glissomonadida","f__unclassified_o__Glissomonadida","g__unclassified_o__Glissomonadida","s__unclassified_o__Glissomonadida"
"ASV1825",0,0,0,0,0.003437903,0.002864919,0.00105047,"Pro","p__Conosa","c__Variosea","o__Variosea_X","f__Variosea_XX","g__Variosea_XXX","s__Variosea_XXX_sp."
"ASV1930",0,0,0,0,0.000859476,0.000286492,0.000190995,"Pro","p__Conosa","c__Mycetozoa-Myxogastrea","o__Trichiales","f__Trichiaceae","g__Perichaena","s__Perichaena_depressa"
"ASV1891",0,0,0,0,0.001289214,0,0.000214869,"Pro","p__Ciliophora","c__Heterotrichea","o__Heterotrichida","f__Blepharismidae","g__Blepharisma","s__unclassified_g__Blepharisma"
"ASV2321",0.001289214,0,0,0,0,0,0.000214869,"Pro","p__Cercozoa","c__Endomyxa","o__Vampyrellida","f__Vampyrellida_X","g__unclassified_f__Vampyrellida_X","s__unclassified_f__Vampyrellida_X"
"ASV864",0,0,0,0.003008165,0,0,0.000501361,"Pro","p__Conosa","c__Variosea","o__Variosea_X","f__Variosea_XX","g__Variosea_XXX","s__Variosea_XXX_sp."
"ASV152",0,0.00601633,0.003151411,0.004010887,0.003581149,0.001862197,0.003103662,"Pro","p__Cercozoa","c__Filosa-Sarcomonadea","o__Glissomonadida","f__Sandonidae","g__Neoheteromita","s__Neoheteromita_sp."
"ASV966",0,0,0,0.001289214,0,0,0.000214869,"Pro","p__Lobosa","c__Tubulinea","o__Nolandida","f__Nolandellidae","g__Nolandellidae_X","s__Nolandellidae_X_sp."
"ASV2386",0.000859476,0,0,0,0,0.000859476,0.000286492,"Pro","p__Cercozoa","c__Filosa-Sarcomonadea","o__unclassified_c__Filosa-Sarcomonadea","f__unclassified_c__Filosa-Sarcomonadea","g__unclassified_c__Filosa-Sarcomonadea","s__unclassified_c__Filosa-Sarcomonadea"
"ASV1000",0,0,0,0.001145968,0,0,0.000190995,"Pro","p__Lobosa","c__Lobosa-G1","o__Lobosa-G1_X","f__Lobosa-G1_XX","g__Lobosa-G1_XXX","s__Lobosa-G1_XXX_sp."
"ASV1530",0,0,0,0,0.000859476,0.000286492,0.000190995,"Pro","p__Ciliophora","c__Colpodea","o__Bursariomorphida","f__Bryometopidae","g__Bryometopus","s__Bryometopus_pseudochilodon"
"ASV2273",0.003581149,0,0,0,0,0,0.000596858,"Pro","p__Cercozoa","c__Filosa-Sarcomonadea","o__Glissomonadida","f__Sandonidae","g__Neoheteromita","s__unclassified_g__Neoheteromita"
"ASV921",0.00143246,0,0,0.001718951,0,0,0.000525235,"Pro","p__Cercozoa","c__Filosa-Sarcomonadea","o__Glissomonadida","f__Sandonidae","g__unclassified_f__Sandonidae","s__unclassified_f__Sandonidae"
"ASV2304",0.001862197,0,0,0,0,0,0.000310366,"Pro","p__Cercozoa","c__Filosa-Sarcomonadea","o__Cercomonadida","f__Cercomonadidae","g__Cercomonas","s__unclassified_g__Cercomonas"
"ASV2312",0.001289214,0,0,0,0,0,0.000214869,"Pro","p__Cercozoa","c__Filosa-Sarcomonadea","o__Glissomonadida","f__Allapsidae","g__Viridiraptor","s__unclassified_g__Viridiraptor"
"ASV298",0,0.00143246,0.001145968,0.002148689,0.00143246,0.00071623,0.001145968,"Pro","p__Cercozoa","c__Filosa-Sarcomonadea","o__Cercomonadida","f__Cercomonadidae","g__Neocercomonas","s__Neocercomonas_jutlandica"
"ASV4605",0,0.00143246,0,0,0,0,0.000238743,"Pro","p__Lobosa","c__Tubulinea","o__Echinamoebida","f__Vermamoebidae","g__Hartmannella","s__unclassified_g__Hartmannella"
"ASV1489",0,0,0,0,0.001289214,0,0.000214869,"Pro","p__Cercozoa","c__Cercozoa_X","o__Cercozoa_XX","f__Cercozoa_XXX","g__Cercozoa_XXXX","s__Cercozoa_XXXX_sp."
"ASV455",0,0,0.000143246,0.001289214,0,0,0.000238743,"Pro","p__Lobosa","c__Tubulinea","o__Euamoebida","f__LOS7NI-lineage","g__LOS7NI-lineage_X","s__LOS7NI-lineage_X_sp."
"ASV2399",0.00071623,0,0,0,0,0.000429738,0.000190995,"Pro","p__Conosa","c__Variosea","o__Variosea_X","f__Variosea_XX","g__Variosea_XXX","s__Variosea_XXX_sp."
"ASV1052",0,0,0,0.001002722,0,0,0.00016712,"Pro","p__Cercozoa","c__Filosa-Sarcomonadea","o__Glissomonadida","f__Sandonidae","g__unclassified_f__Sandonidae","s__unclassified_f__Sandonidae"
"ASV914",0,0,0,0.002291935,0,0,0.000381989,"Pro","p__Cercozoa","c__unclassified_p__Cercozoa","o__unclassified_p__Cercozoa","f__unclassified_p__Cercozoa","g__unclassified_p__Cercozoa","s__unclassified_p__Cercozoa"
"ASV1819",0,0,0,0,0.00673256,0,0.001122093,"Pro","p__Conosa","c__Variosea","o__Variosea_X","f__AND16-lineage","g__AND16-lineage_X","s__AND16-lineage_X_sp."
"ASV96",0.004010887,0.003294657,0.004583871,0.0053001,0.003294657,0.001718951,0.00370052,"Pro","p__Cercozoa","c__Filosa-Thecofilosea","o__Cryomonadida","f__Rhogostoma-lineage","g__Rhogostoma-lineage_X","s__Rhogostoma-lineage_X_sp."
"ASV54",0.008738003,0.033519553,0.007162298,0.005156854,0.008451511,0.416845724,0.079978991,"Pro","p__Lobosa","c__Tubulinea","o__Echinamoebida","f__Vermamoebidae","g__unclassified_f__Vermamoebidae","s__unclassified_f__Vermamoebidae"
"ASV3",0.079071766,0.047557656,0.079215012,0.097550494,0.056725398,0.041111589,0.066871986,"Pro","p__Conosa","c__Variosea","o__Variosea_X","f__Variosea_XX","g__Variosea_XXX","s__Variosea_XXX_sp."
"ASV1445",0,0.00071623,0,0,0.000286492,0,0.00016712,"Pro","p__Cercozoa","c__unclassified_p__Cercozoa","o__unclassified_p__Cercozoa","f__unclassified_p__Cercozoa","g__unclassified_p__Cercozoa","s__unclassified_p__Cercozoa"
"ASV1854",0.001145968,0,0,0,0.001575705,0,0.000453612,"Pro","p__Ciliophora","c__Spirotrichea","o__Hypotrichia","f__Pseudourostylidae","g__Pseudourostyla","s__Pseudourostyla_franzi"
"ASV72",0,0.004297379,0.005156854,0.003724395,0.005873084,0,0.003175285,"Pro","p__Cercozoa","c__Filosa-Sarcomonadea","o__Cercomonadida","f__Cercomonadidae","g__Eocercomonas","s__Eocercomonas_sp."
"ASV2910",0,0,0,0,0,0.007305544,0.001217591,"Pro","p__Lobosa","c__Lobosa_X","o__Lobosa_XX","f__LKM74-lineage","g__LKM74-lineage_X","s__LKM74-lineage_X_sp."
"ASV25",0.010886692,0.009597479,0.01346512,0.010027217,0.009310987,0.004870362,0.009692976,"Pro","p__Cercozoa","c__Filosa-Sarcomonadea","o__Glissomonadida","f__Sandonidae","g__unclassified_f__Sandonidae","s__unclassified_f__Sandonidae"
"ASV1404",0.003724395,0,0,0,0.00071623,0,0.000740104,"Pro","p__Lobosa","c__Tubulinea","o__Nolandida","f__Nolandellidae","g__Nolandellidae_X","s__Nolandellidae_X_sp."
"ASV1392",0,0,0,0,0.002435181,0.002005443,0.000740104,"Pro","p__Lobosa","c__Lobosa-G1","o__Lobosa-G1_X","f__Lobosa-G1_XX","g__Lobosa-G1_XXX","s__Lobosa-G1_XXX_sp."
"ASV844",0,0,0,0.004870362,0.006875806,0,0.001957695,"Pro","p__Conosa","c__Variosea","o__Variosea_X","f__Variosea_XX","g__Variosea_XXX","s__Variosea_XXX_sp."
"ASV1060",0,0,0,0.001002722,0,0,0.00016712,"Pro","p__Cercozoa","c__Filosa-Sarcomonadea","o__Cercomonadida","f__Cercomonadidae","g__Eocercomonas","s__unclassified_g__Eocercomonas"
"ASV842",0,0,0,0.0053001,0.002578427,0,0.001313088,"Pro","p__Cercozoa","c__Endomyxa","o__Vampyrellida","f__Leptophryidae","g__Leptophryidae_X","s__Leptophryidae_X_sp."
"ASV2309",0.001718951,0,0,0,0,0,0.000286492,"Pro","p__Cercozoa","c__Filosa-Sarcomonadea","o__Cercomonadida","f__Cercomonadidae","g__Eocercomonas","s__Eocercomonas_ramosa"
"ASV1841",0,0,0,0,0.002005443,0,0.000334241,"Pro","p__Lobosa","c__Lobosa-G1","o__Lobosa-G1_X","f__Lobosa-G1_XX","g__Lobosa-G1_XXX","s__Lobosa-G1_XXX_sp."
"ASV906",0,0,0,0.002005443,0,0,0.000334241,"Pro","p__Conosa","c__Variosea","o__Variosea_X","f__Phalansteriidae","g__Phalansterium","s__unclassified_g__Phalansterium"
"ASV960",0,0,0,0.001002722,0,0,0.00016712,"Pro","p__Conosa","c__Variosea","o__Variosea_X","f__Variosea_XX","g__Variosea_XXX","s__Variosea_XXX_sp."
"ASV273",0,0,0.001289214,0.001145968,0.000572984,0.000429738,0.000572984,"Pro","p__Ciliophora","c__Phyllopharyngea","o__Cyrtophoria","f__Chilodonellidae","g__Chilodonellidae_X","s__Chilodonellidae_X_sp."
"ASV3298",0,0,0,0,0,0.001145968,0.000190995,"Pro","p__Conosa","c__Variosea","o__Variosea_X","f__Variosea_XX","g__Variosea_XXX","s__Variosea_XXX_sp."
"ASV1054",0,0,0,0.000429738,0,0.00071623,0.000190995,"Pro","p__unclassified_k__Opisthokonta","c__unclassified_k__Opisthokonta","o__unclassified_k__Opisthokonta","f__unclassified_k__Opisthokonta","g__unclassified_k__Opisthokonta","s__unclassified_k__Opisthokonta"
"ASV1830",0,0,0,0,0.004583871,0,0.000763978,"Pro","p__Lobosa","c__Tubulinea","o__Echinamoebida","f__Vermamoebidae","g__Hartmannella","s__Hartmannella_sp."
"ASV1827",0.007162298,0,0,0,0.004297379,0,0.001909946,"Pro","p__Dinophyta","c__Dinophyceae","o__Dinophyceae_X","f__Dinophyceae_XX","g__unclassified_f__Dinophyceae_XX","s__unclassified_f__Dinophyceae_XX"
"ASV3257",0,0,0,0,0,0.002721673,0.000453612,"Pro","p__Lobosa","c__Tubulinea","o__Echinamoebida","f__Vermamoebidae","g__unclassified_f__Vermamoebidae","s__unclassified_f__Vermamoebidae"
"ASV2348",0.001145968,0,0,0,0,0,0.000190995,"Pro","p__Cercozoa","c__Filosa-Sarcomonadea","o__Glissomonadida","f__Sandonidae","g__Neoheteromita","s__Neoheteromita_sp."
"ASV4307",0,0.002435181,0,0,0,0,0.000405864,"Pro","p__Conosa","c__Variosea","o__Variosea_X","f__Phalansteriidae","g__Phalansterium","s__Phalansterium_sp."
"ASV2284",0.002578427,0,0,0,0,0,0.000429738,"Pro","p__unclassified_k__Opisthokonta","c__unclassified_k__Opisthokonta","o__unclassified_k__Opisthokonta","f__unclassified_k__Opisthokonta","g__unclassified_k__Opisthokonta","s__unclassified_k__Opisthokonta"
"ASV350",0.002578427,0.00071623,0.000859476,0.002864919,0.000859476,0.000429738,0.001384711,"Pro","p__Conosa","c__Variosea","o__Variosea_X","f__Variosea_XX","g__Variosea_XXX","s__Variosea_XXX_sp."
"ASV1452",0,0,0,0,0.002005443,0,0.000334241,"Pro","p__Ciliophora","c__Spirotrichea","o__Hypotrichia","f__Oxytrichidae","g__Gonostomum","s__Gonostomum_strenuum"
"ASV4623",0,0.001289214,0,0,0,0,0.000214869,"Pro","p__Cercozoa","c__Filosa-Imbricatea","o__Euglyphida","f__Euglyphida_X","g__Euglyphida_XX","s__Euglyphida_XX_sp."
"ASV4601",0,0.002721673,0,0,0,0,0.000453612,"Pro","p__unclassified_k__Opisthokonta","c__unclassified_k__Opisthokonta","o__unclassified_k__Opisthokonta","f__unclassified_k__Opisthokonta","g__unclassified_k__Opisthokonta","s__unclassified_k__Opisthokonta"
"ASV1838",0,0,0,0,0.002148689,0,0.000358115,"Pro","p__Cercozoa","c__Filosa-Sarcomonadea","o__Cercomonadida","f__Cercomonadidae","g__Eocercomonas","s__Eocercomonas_sp."
"ASV4649",0,0.001002722,0,0,0,0,0.00016712,"Pro","p__Cercozoa","c__unclassified_p__Cercozoa","o__unclassified_p__Cercozoa","f__unclassified_p__Cercozoa","g__unclassified_p__Cercozoa","s__unclassified_p__Cercozoa"
"ASV2351",0.001145968,0,0,0,0,0,0.000190995,"Pro","p__Cercozoa","c__Filosa-Sarcomonadea","o__Glissomonadida","f__Sandonidae","g__Neoheteromita","s__Neoheteromita_caudratti"
"ASV1928",0,0,0,0,0.001002722,0,0.00016712,"Pro","p__Lobosa","c__Lobosa_X","o__Centramoebida","f__Acanthamoebidae","g__Protacanthamoeba","s__Protacanthamoeba_bohemica"
"ASV997",0,0,0,0.001145968,0,0,0.000190995,"Pro","p__Eukaryota_XX","c__Eukaryota_XXX","o__Eukaryota_XXXX","f__Eukaryota_XXXXX","g__Eukaryota_XXXXXX","s__Eukaryota_XXXXXX_sp."
"ASV1421",0,0.001002722,0,0,0,0,0.00016712,"Pro","p__Cercozoa","c__Filosa-Sarcomonadea","o__Glissomonadida","f__Sandonidae","g__unclassified_f__Sandonidae","s__unclassified_f__Sandonidae"
"ASV1711",0.002005443,0,0,0,0,0,0.000334241,"Pro","p__Cercozoa","c__Filosa-Sarcomonadea","o__Cercomonadida","f__Paracercomonadidae","g__Paracercomonas","s__unclassified_g__Paracercomonas"
"ASV2550",0,0.002435181,0,0,0,0,0.000405864,"Pro","p__Lobosa","c__Lobosa-G1","o__Lobosa-G1_X","f__Lobosa-G1_XX","g__Lobosa-G1_XXX","s__Lobosa-G1_XXX_sp."
"ASV15",0,0,0.020197679,0,0,0,0.00336628,"Pro","p__Ciliophora","c__Spirotrichea","o__Hypotrichia","f__Oxytrichidae","g__unclassified_f__Oxytrichidae","s__unclassified_f__Oxytrichidae"
"ASV276",0,0,0.001575705,0.001002722,0.000859476,0.001002722,0.000740104,"Pro","p__Conosa","c__Variosea","o__Variosea_X","f__unclassified_o__Variosea_X","g__unclassified_o__Variosea_X","s__unclassified_o__Variosea_X"
"ASV2259",0.008165019,0,0,0,0,0,0.001360837,"Pro","p__Lobosa","c__Lobosa-G1","o__Lobosa-G1_X","f__Lobosa-G1_XX","g__Lobosa-G1_XXX","s__Lobosa-G1_XXX_sp."
"ASV937",0,0.001002722,0,0.001289214,0,0.00071623,0.000501361,"Pro","p__Cercozoa","c__Filosa-Sarcomonadea","o__Glissomonadida","f__Allapsidae","g__unclassified_f__Allapsidae","s__unclassified_f__Allapsidae"
"ASV895",0,0,0,0.002005443,0,0,0.000334241,"Pro","p__Lobosa","c__Lobosa-G1","o__Lobosa-G1_X","f__Lobosa-G1_XX","g__Lobosa-G1_XXX","s__Lobosa-G1_XXX_sp."
"ASV324",0,0,0.001145968,0,0,0,0.000190995,"Pro","p__Ciliophora","c__Spirotrichea","o__Hypotrichia","f__Oxytrichidae","g__unclassified_f__Oxytrichidae","s__unclassified_f__Oxytrichidae"
"ASV432",0,0,0.001002722,0,0,0,0.00016712,"Pro","p__Cercozoa","c__Filosa-Sarcomonadea","o__Glissomonadida","f__Sandonidae","g__Sandona","s__Sandona_campae"
"ASV342",0,0.000859476,0.001289214,0.001145968,0,0.00071623,0.000668481,"Pro","p__Cercozoa","c__Filosa-Sarcomonadea","o__Cercomonadida","f__Paracercomonadidae","g__Paracercomonas","s__Paracercomonas_virgaria"
"ASV4666",0,0.001145968,0,0,0,0,0.000190995,"Pro","p__Conosa","c__Variosea","o__Variosea_X","f__AND16-lineage","g__AND16-lineage_X","s__AND16-lineage_X_sp."
"ASV1075",0,0,0,0.001002722,0,0,0.00016712,"Pro","p__Conosa","c__Variosea","o__Variosea_X","f__Variosea_XX","g__Variosea_XXX","s__Variosea_XXX_sp."
"ASV2301",0.001718951,0,0,0,0,0,0.000286492,"Pro","p__Cercozoa","c__unclassified_p__Cercozoa","o__unclassified_p__Cercozoa","f__unclassified_p__Cercozoa","g__unclassified_p__Cercozoa","s__unclassified_p__Cercozoa"
"ASV1369",0,0,0,0,0,0.004010887,0.000668481,"Pro","p__Cercozoa","c__Endomyxa","o__Vampyrellida","f__Leptophryidae","g__Leptophryidae_X","s__Leptophryidae_X_sp."
"ASV916",0.002721673,0,0,0.001718951,0,0,0.000740104,"Pro","p__Ciliophora","c__Colpodea","o__Cyrtolophosidida","f__Cyrtolophosididae","g__Cyrtolophosididae_X","s__Cyrtolophosididae_X_sp."
"ASV1842",0,0,0,0,0.002721673,0,0.000453612,"Pro","p__Cercozoa","c__Endomyxa","o__Vampyrellida","f__Leptophryidae","g__Leptophryidae_X","s__Leptophryidae_X_sp."
"ASV1881",0,0,0,0,0.001145968,0,0.000190995,"Pro","p__Cercozoa","c__Filosa-Sarcomonadea","o__Cercomonadida","f__Cercomonadidae","g__Cercomonas","s__Cercomonas_longicauda"
"ASV1883",0,0,0,0,0.001145968,0,0.000190995,"Pro","p__Ciliophora","c__Litostomatea","o__Haptoria","f__Spathidiidae","g__Semispathidium","s__Semispathidium_sp."
"ASV998",0,0,0,0.001145968,0,0,0.000190995,"Pro","p__Lobosa","c__Tubulinea","o__Leptomyxida","f__Leptomyxidae","g__unclassified_f__Leptomyxidae","s__unclassified_f__Leptomyxidae"
"ASV2266",0.004870362,0,0,0,0,0.001575705,0.001074345,"Pro","p__Cercozoa","c__Filosa-Sarcomonadea","o__Cercomonadida","f__Cercomonadidae","g__Eocercomonas","s__Eocercomonas_sp."
"ASV438",0.001289214,0.000429738,0.000859476,0,0.00071623,0.000859476,0.000692355,"Pro","p__Cercozoa","c__Filosa-Sarcomonadea","o__Cercomonadida","f__Paracercomonadidae","g__Paracercomonas","s__unclassified_g__Paracercomonas"
"ASV1535",0,0.001575705,0,0,0.002148689,0,0.000620732,"Pro","p__Ciliophora","c__Litostomatea","o__Haptoria","f__Haptoria_X","g__Haptoria_XX","s__Haptoria_XX_sp."
"ASV1851",0,0,0,0,0.002148689,0,0.000358115,"Pro","p__Cercozoa","c__Filosa-Sarcomonadea","o__Cercomonadida","f__Cercomonadidae","g__Cercomonadidae_X","s__Cercomonadidae_X_sp."
"ASV1073",0,0,0,0.001002722,0,0,0.00016712,"Pro","p__Conosa","c__Variosea","o__Variosea_X","f__Variosea_XX","g__Variosea_XXX","s__Variosea_XXX_sp."
"ASV131",0.002435181,0.001002722,0.003581149,0.005156854,0.004583871,0.003151411,0.003318531,"Pro","p__Cercozoa","c__Filosa-Sarcomonadea","o__Cercomonadida","f__unclassified_o__Cercomonadida","g__unclassified_o__Cercomonadida","s__unclassified_o__Cercomonadida"
"ASV238",0,0,0.002148689,0,0,0,0.000358115,"Pro","p__Lobosa","c__Tubulinea","o__Euamoebida","f__LOS7NI-lineage","g__Ptolemeba","s__Ptolemeba_bulliensis"
"ASV334",0,0,0.001002722,0,0,0,0.00016712,"Pro","p__Cercozoa","c__Filosa-Sarcomonadea","o__Glissomonadida","f__Sandonidae","g__unclassified_f__Sandonidae","s__unclassified_f__Sandonidae"
"ASV3689",0,0.002291935,0,0,0,0,0.000381989,"Pro","p__Cercozoa","c__Filosa-Sarcomonadea","o__Glissomonadida","f__Sandonidae","g__unclassified_f__Sandonidae","s__unclassified_f__Sandonidae"
"ASV348",0.002005443,0,0.00071623,0.001145968,0,0.000572984,0.000740104,"Pro","p__Cercozoa","c__Endomyxa","o__Vampyrellida","f__Leptophryidae","g__Leptophryidae_X","s__Leptophryidae_X_sp."
"ASV236",0,0,0.002005443,0,0,0,0.000334241,"Pro","p__Cercozoa","c__Filosa-Sarcomonadea","o__Glissomonadida","f__Sandonidae","g__Neoheteromita","s__unclassified_g__Neoheteromita"
"ASV2283",0.002578427,0,0,0,0,0,0.000429738,"Pro","p__Lobosa","c__Tubulinea","o__Leptomyxida","f__Flabellulidae","g__Flabellula","s__Flabellula_citata"
"ASV36",0.01203266,0.007878527,0.010600201,0.012462398,0.009597479,0.003724395,0.00938261,"Pro","p__Cercozoa","c__Filosa-Sarcomonadea","o__Glissomonadida","f__Sandonidae","g__unclassified_f__Sandonidae","s__unclassified_f__Sandonidae"
"ASV509",0,0,0.000429738,0.000572984,0.00071623,0.001002722,0.000453612,"Pro","p__Cercozoa","c__Filosa-Sarcomonadea","o__Cercomonadida","f__Cercomonadidae","g__Cercomonadidae_X","s__Cercomonadidae_X_sp."
"ASV4597",0,0.003581149,0,0,0,0,0.000596858,"Pro","p__Lobosa","c__Tubulinea","o__Leptomyxida","f__Flabellulidae","g__Flabellula","s__Flabellula_citata"
"ASV382",0,0,0.000859476,0.000572984,0,0.000429738,0.000310366,"Pro","p__Cercozoa","c__unclassified_p__Cercozoa","o__unclassified_p__Cercozoa","f__unclassified_p__Cercozoa","g__unclassified_p__Cercozoa","s__unclassified_p__Cercozoa"
"ASV1834",0,0,0,0,0.002721673,0,0.000453612,"Pro","p__Ciliophora","c__Colpodea","o__Cyrtolophosidida","f__Cyrtolophosididae","g__Cyrtolophosididae_X","s__Cyrtolophosididae_X_sp."
"ASV1387",0,0,0,0,0,0.002148689,0.000358115,"Pro","p__Ciliophora","c__Colpodea","o__Colpodida","f__Colpodidae","g__unclassified_f__Colpodidae","s__unclassified_f__Colpodidae"
"ASV2254",0.011029938,0,0,0,0,0.00071623,0.001957695,"Pro","p__Ciliophora","c__Colpodea","o__Platyophryida","f__Platyophryidae","g__Platyophrya","s__Platyophrya_sp."
"ASV212",0,0,0.002005443,0,0,0,0.000334241,"Pro","p__Ciliophora","c__Spirotrichea","o__Hypotrichia","f__Oxytrichidae","g__unclassified_f__Oxytrichidae","s__unclassified_f__Oxytrichidae"
"ASV1395",0.004154133,0,0,0,0.003581149,0,0.001289214,"Pro","p__Cercozoa","c__Filosa-Sarcomonadea","o__Glissomonadida","f__Sandonidae","g__Neoheteromita","s__Neoheteromita_sp."
"ASV1125",0,0,0,0.000859476,0,0.001145968,0.000334241,"Pro","p__Cercozoa","c__Filosa-Sarcomonadea","o__Cercomonadida","f__Paracercomonadidae","g__Nucleocercomonas","s__Nucleocercomonas_praelonga"
"ASV884",0.004010887,0.002721673,0,0.001575705,0.003581149,0,0.001981569,"Pro","p__Cercozoa","c__Filosa-Sarcomonadea","o__unclassified_c__Filosa-Sarcomonadea","f__unclassified_c__Filosa-Sarcomonadea","g__unclassified_c__Filosa-Sarcomonadea","s__unclassified_c__Filosa-Sarcomonadea"
"ASV3261",0,0.001289214,0,0,0,0.001575705,0.000477487,"Pro","p__Lobosa","c__Tubulinea","o__Echinamoebida","f__Vermamoebidae","g__Vermamoeba","s__unclassified_g__Vermamoeba"
"ASV4656",0,0.001145968,0,0,0,0,0.000190995,"Pro","p__Cercozoa","c__Filosa-Sarcomonadea","o__Glissomonadida","f__Sandonidae","g__Sandona","s__Sandona_sp."
"ASV2347",0.001145968,0,0,0,0,0,0.000190995,"Pro","p__Apicomplexa","c__Apicomplexa_X","o__Coccidia","f__Eucoccidiorida","g__Cryptosporidium","s__Cryptosporidium_struthionis"
"ASV970",0,0,0,0.00143246,0.000429738,0,0.000310366,"Pro","p__Cercozoa","c__Filosa-Sarcomonadea","o__Cercomonadida","f__Cercomonadidae","g__unclassified_f__Cercomonadidae","s__unclassified_f__Cercomonadidae"
"ASV76",0.004583871,0.004154133,0.005013608,0.003008165,0.004297379,0.003008165,0.004010887,"Pro","p__Cercozoa","c__Filosa-Sarcomonadea","o__Cercomonadida","f__Cercomonadidae","g__Eocercomonas","s__Eocercomonas_ramosa"
"ASV993",0,0,0,0.001002722,0,0,0.00016712,"Pro","p__Cercozoa","c__Endomyxa","o__Vampyrellida","f__Thalassomyxa-lineage","g__Thalassomyxa-lineage_X","s__Thalassomyxa-lineage_X_sp."
"ASV220",0,0.003581149,0.002148689,0,0.00143246,0,0.001193716,"Pro","p__Cercozoa","c__Filosa-Thecofilosea","o__Filosa-Thecofilosea_X","f__Filosa-Thecofilosea_XX","g__Filosa-Thecofilosea_XXX","s__Filosa-Thecofilosea_XXX_sp."
"ASV2343",0.001145968,0,0,0,0,0,0.000190995,"Pro","p__Cercozoa","c__Endomyxa","o__Vampyrellida","f__Thalassomyxa-lineage","g__Thalassomyxa-lineage_X","s__Thalassomyxa-lineage_X_sp."
"ASV329",0,0,0.00143246,0.001002722,0,0.00071623,0.000525235,"Pro","p__Cercozoa","c__Filosa-Sarcomonadea","o__Glissomonadida","f__Glissomonadida_X","g__Glissomonadida_XX","s__Glissomonadida_XX_sp."
"ASV808",0,0,0.000143246,0.001002722,0,0,0.000190995,"Pro","p__Lobosa","c__Tubulinea","o__Nolandida","f__Nolandellidae","g__Nolandellidae_X","s__Nolandellidae_X_sp."
"ASV1402",0,0,0,0,0.002148689,0,0.000358115,"Pro","p__Cercozoa","c__Filosa-Sarcomonadea","o__Glissomonadida","f__unclassified_o__Glissomonadida","g__unclassified_o__Glissomonadida","s__unclassified_o__Glissomonadida"
"ASV3250",0,0.004297379,0,0,0,0.003437903,0.001289214,"Pro","p__Lobosa","c__Lobosa-G1","o__Lobosa-G1_X","f__Lobosa-G1_XX","g__Lobosa-G1_XXX","s__Lobosa-G1_XXX_sp."
"ASV911",0,0,0,0.001575705,0,0.000572984,0.000358115,"Pro","p__Cercozoa","c__Filosa-Imbricatea","o__Euglyphida","f__Euglyphida_X","g__Euglyphida_XX","s__Euglyphida_XX_sp."
"ASV1367",0,0,0,0,0.002435181,0.002148689,0.000763978,"Pro","p__Cercozoa","c__Filosa-Sarcomonadea","o__Glissomonadida","f__Sandonidae","g__Sandona","s__Sandona_sp."
"ASV919",0,0,0,0.00143246,0,0,0.000238743,"Pro","p__Cercozoa","c__Filosa-Sarcomonadea","o__Glissomonadida","f__Sandonidae","g__Neoheteromita","s__Neoheteromita_caudratti"
"ASV2567",0,0,0,0,0,0.00143246,0.000238743,"Pro","p__Ciliophora","c__Litostomatea","o__Haptoria","f__Spathidiidae","g__Spathidium","s__unclassified_g__Spathidium"
"ASV977",0,0,0,0.001002722,0,0,0.00016712,"Pro","p__Cercozoa","c__Filosa-Sarcomonadea","o__Glissomonadida","f__Sandonidae","g__unclassified_f__Sandonidae","s__unclassified_f__Sandonidae"
"ASV101",0.0053001,0.002864919,0.004440625,0.003151411,0.001862197,0.001002722,0.003103662,"Pro","p__Conosa","c__Variosea","o__Variosea_X","f__Phalansteriidae","g__Phalansterium","s__unclassified_g__Phalansterium"
"ASV936",0.000859476,0.000286492,0,0.00143246,0,0.000429738,0.000501361,"Pro","p__Conosa","c__Variosea","o__Variosea_X","f__Mb5C-lineage","g__Mb5C-lineage_X","s__Mb5C-lineage_X_sp."
"ASV3260",0,0,0,0,0,0.002148689,0.000358115,"Pro","p__Ciliophora","c__Litostomatea","o__Haptoria","f__unclassified_o__Haptoria","g__unclassified_o__Haptoria","s__unclassified_o__Haptoria"
"ASV281",0,0,0.001575705,0.003151411,0,0.000143246,0.000811727,"Pro","p__Cercozoa","c__unclassified_p__Cercozoa","o__unclassified_p__Cercozoa","f__unclassified_p__Cercozoa","g__unclassified_p__Cercozoa","s__unclassified_p__Cercozoa"
"ASV2282",0.002864919,0,0,0,0,0,0.000477487,"Pro","p__Cercozoa","c__Endomyxa","o__Vampyrellida","f__Leptophryidae","g__Leptophryidae_X","s__Leptophryidae_X_sp."
"ASV1410",0,0,0,0,0.001718951,0,0.000286492,"Pro","p__Ciliophora","c__Colpodea","o__Colpodida","f__Colpodidae","g__Colpodidae_X","s__Colpodidae_X_sp."
"ASV943",0,0,0,0.001575705,0,0,0.000262618,"Pro","p__Cercozoa","c__Filosa-Sarcomonadea","o__Glissomonadida","f__Sandonidae","g__unclassified_f__Sandonidae","s__unclassified_f__Sandonidae"
"ASV1416",0,0,0,0,0.001718951,0,0.000286492,"Pro","p__Ciliophora","c__Oligohymenophorea","o__Peritrichia","f__Zoothamniidae","g__unclassified_f__Zoothamniidae","s__unclassified_f__Zoothamniidae"
"ASV226",0.004583871,0.00143246,0.002291935,0.00143246,0,0,0.001623454,"Pro","p__Cercozoa","c__Filosa-Sarcomonadea","o__Glissomonadida","f__Sandonidae","g__Sandona","s__Sandona_sp."
"ASV1840",0,0.002005443,0,0,0.001002722,0,0.000501361,"Pro","p__Cercozoa","c__Filosa-Sarcomonadea","o__Glissomonadida","f__Sandonidae","g__Neoheteromita","s__unclassified_g__Neoheteromita"
"ASV2352",0.001002722,0,0,0,0,0,0.00016712,"Pro","p__Amoebozoa_X","c__Amoebozoa_XX","o__UI13E03-lineage","f__UI13E03-lineage_X","g__UI13E03-lineage_XX","s__UI13E03-lineage_XX_sp."
"ASV185",0,0,0.002291935,0,0,0,0.000381989,"Pro","p__Ciliophora","c__Colpodea","o__Colpodida","f__Colpodidae","g__unclassified_f__Colpodidae","s__unclassified_f__Colpodidae"
"ASV2297",0.002005443,0,0,0,0,0,0.000334241,"Pro","p__Lobosa","c__Tubulinea","o__Nolandida","f__Nolandellidae","g__Nolandellidae_X","s__Nolandellidae_X_sp."
"ASV3254",0,0.006159576,0,0,0,0.002578427,0.001456334,"Pro","p__Lobosa","c__Tubulinea","o__Echinamoebida","f__Vermamoebidae","g__unclassified_f__Vermamoebidae","s__unclassified_f__Vermamoebidae"
"ASV2368",0.001002722,0,0,0,0,0,0.00016712,"Pro","p__Cercozoa","c__Filosa-Imbricatea","o__Euglyphida","f__Euglyphidae","g__Euglypha","s__Euglypha_rotunda"
"ASV2294",0.002435181,0,0,0,0,0,0.000405864,"Pro","p__Ciliophora","c__Colpodea","o__Colpodida","f__Colpodidae","g__Colpodidae_X","s__Colpodidae_X_sp."
"ASV372",0.000572984,0.000286492,0.000572984,0.000429738,0.000286492,0,0.000358115,"Pro","p__Cercozoa","c__Cercozoa_X","o__Cercozoa_XX","f__Cercozoa_XXX","g__Cercozoa_XXXX","s__Cercozoa_XXXX_sp."
"ASV119",0.005873084,0.00143246,0.003437903,0.001862197,0.002578427,0.00071623,0.00265005,"Pro","p__Conosa","c__Variosea","o__ATCC50593-Flamella-WIM80-lineage","f__Flamella-lineage","g__Flamella","s__unclassified_g__Flamella"
"ASV859",0,0,0,0.003867641,0,0,0.000644607,"Pro","p__Apicomplexa","c__Apicomplexa_X","o__Gregarines","f__Gregarines_X","g__Gregarina","s__unclassified_g__Gregarina"
"ASV2350",0.001002722,0,0,0,0,0,0.00016712,"Pro","p__Cercozoa","c__Filosa-Sarcomonadea","o__Cercomonadida","f__Cercomonadidae","g__Cercomonadidae_X","s__Cercomonadidae_X_sp."
"ASV1863",0,0,0,0,0.001289214,0,0.000214869,"Pro","p__Lobosa","c__Tubulinea","o__Nolandida","f__Nolandellidae","g__Nolandellidae_X","s__Nolandellidae_X_sp."
"ASV1718",0.001289214,0.000429738,0,0,0,0,0.000286492,"Pro","p__Conosa","c__Variosea","o__Variosea_X","f__Variosea_XX","g__Variosea_XXX","s__Variosea_XXX_sp."
"ASV2608",0,0.002435181,0,0,0,0,0.000405864,"Pro","p__Lobosa","c__Tubulinea","o__Nolandida","f__Nolandellidae","g__Nolandellidae_X","s__Nolandellidae_X_sp."
"ASV991",0,0,0,0.001289214,0,0,0.000214869,"Pro","p__Ciliophora","c__Spirotrichea","o__Hypotrichia","f__unclassified_o__Hypotrichia","g__unclassified_o__Hypotrichia","s__unclassified_o__Hypotrichia"
"ASV731",0,0,0.000286492,0.00143246,0.000286492,0,0.000334241,"Pro","p__Conosa","c__Variosea","o__Variosea_X","f__AND16-lineage","g__AND16-lineage_X","s__AND16-lineage_X_sp."
"ASV976",0,0,0,0.001575705,0,0,0.000262618,"Pro","p__Conosa","c__Variosea","o__Variosea_X","f__Variosea_XX","g__Variosea_XXX","s__Variosea_XXX_sp."
"ASV2279",0.002864919,0.001289214,0,0,0,0,0.000692355,"Pro","p__Conosa","c__Variosea","o__Variosea_X","f__Variosea_XX","g__Variosea_XXX","s__Variosea_XXX_sp."
"ASV4594",0,0.003581149,0,0,0,0,0.000596858,"Pro","p__Cercozoa","c__Filosa-Sarcomonadea","o__Glissomonadida","f__Sandonidae","g__unclassified_f__Sandonidae","s__unclassified_f__Sandonidae"
"ASV584",0,0.00071623,0.000572984,0,0.000429738,0,0.000286492,"Pro","p__unclassified_k__Opisthokonta","c__unclassified_k__Opisthokonta","o__unclassified_k__Opisthokonta","f__unclassified_k__Opisthokonta","g__unclassified_k__Opisthokonta","s__unclassified_k__Opisthokonta"
"ASV452",0.00071623,0,0.000859476,0.000572984,0,0.001145968,0.000549109,"Pro","p__Conosa","c__Variosea","o__Variosea_X","f__AND16-lineage","g__AND16-lineage_X","s__AND16-lineage_X_sp."
"ASV2930",0,0.002005443,0,0,0,0,0.000334241,"Pro","p__Cercozoa","c__Filosa-Sarcomonadea","o__Cercomonadida","f__Cercomonadidae","g__Cercomonadidae_X","s__Cercomonadidae_X_sp."
"ASV196",0,0.001145968,0.002291935,0.003724395,0.004010887,0,0.001862197,"Pro","p__Ciliophora","c__Colpodea","o__Colpodida","f__Colpodidae","g__Colpoda","s__unclassified_g__Colpoda"
"ASV40",0.005156854,0.002721673,0.008594757,0.006159576,0.002578427,0.002148689,0.004559996,"Pro","p__Conosa","c__Variosea","o__ATCC50593-Flamella-WIM80-lineage","f__WIM80-lineage","g__WIM80-lineage_X","s__WIM80-lineage_X_sp."
"ASV1856",0.002578427,0,0,0,0.001718951,0,0.00071623,"Pro","p__Cercozoa","c__Endomyxa","o__Vampyrellida","f__Leptophryidae","g__Leptophryidae_X","s__Leptophryidae_X_sp."
"ASV474",0.000572984,0.000429738,0.000572984,0,0,0.000143246,0.000286492,"Pro","p__Conosa","c__Mycetozoa-Myxogastrea","o__Stemonitales-Physarales","f__Stemonitales-Physarales_X","g__Stemonitales-Physarales_XX","s__Stemonitales-Physarales_XX_sp."
"ASV16",0.011459676,0.009024495,0.017905744,0.008738003,0.009454233,0.004154133,0.010122714,"Pro","p__Conosa","c__Variosea","o__Variosea_X","f__AND16-lineage","g__AND16-lineage_X","s__AND16-lineage_X_sp."
"ASV2646",0,0.002005443,0,0,0,0,0.000334241,"Pro","p__Lobosa","c__Lobosa-G1","o__Lobosa-G1_X","f__Lobosa-G1_XX","g__Lobosa-G1_XXX","s__Lobosa-G1_XXX_sp."
"ASV292",0,0,0.001145968,0,0,0,0.000190995,"Pro","p__Ciliophora","c__Litostomatea","o__Haptoria","f__unclassified_o__Haptoria","g__unclassified_o__Haptoria","s__unclassified_o__Haptoria"
"ASV741",0,0,0,0.001002722,0,0,0.00016712,"Pro","p__Discoba","c__Jakobida","o__Jakobida_X","f__Jakobidae","g__Andalucia","s__Andalucia_sp."
"ASV2",0,0,0.099842429,0,0,0,0.016640405,"Pro","p__Cercozoa","c__Filosa-Thecofilosea","o__Cryomonadida","f__Rhogostoma-lineage","g__Rhogostoma-lineage_X","s__Rhogostoma-lineage_X_sp."
"ASV1044",0,0,0,0.001145968,0,0,0.000190995,"Pro","p__unclassified_k__Opisthokonta","c__unclassified_k__Opisthokonta","o__unclassified_k__Opisthokonta","f__unclassified_k__Opisthokonta","g__unclassified_k__Opisthokonta","s__unclassified_k__Opisthokonta"
"ASV850",0,0,0,0.0053001,0.006302822,0,0.00193382,"Pro","p__Lobosa","c__Lobosa-G1","o__Lobosa-G1_X","f__Lobosa-G1_XX","g__Lobosa-G1_XXX","s__Lobosa-G1_XXX_sp."
"ASV1855",0,0,0,0,0.00143246,0,0.000238743,"Pro","p__Cercozoa","c__Filosa-Sarcomonadea","o__Glissomonadida","f__Sandonidae","g__Neoheteromita","s__unclassified_g__Neoheteromita"
"ASV880",0,0.003581149,0,0.002148689,0,0,0.000954973,"Pro","p__Conosa","c__Variosea","o__Variosea_X","f__unclassified_o__Variosea_X","g__unclassified_o__Variosea_X","s__unclassified_o__Variosea_X"
"ASV839",0,0,0,0.008451511,0,0,0.001408585,"Pro","p__Conosa","c__Variosea","o__Variosea_X","f__unclassified_o__Variosea_X","g__unclassified_o__Variosea_X","s__unclassified_o__Variosea_X"
"ASV1572",0,0.001002722,0,0,0,0,0.00016712,"Pro","p__unclassified_k__Alveolata","c__unclassified_k__Alveolata","o__unclassified_k__Alveolata","f__unclassified_k__Alveolata","g__unclassified_k__Alveolata","s__unclassified_k__Alveolata"
"ASV4625",0,0.001002722,0,0,0,0,0.00016712,"Pro","p__Ciliophora","c__Colpodea","o__Colpodida","f__Colpodidae","g__unclassified_f__Colpodidae","s__unclassified_f__Colpodidae"
"ASV2278",0.002864919,0,0,0,0,0,0.000477487,"Pro","p__Ciliophora","c__Litostomatea","o__Haptoria","f__Tracheliidae","g__Tracheliidae_X","s__Tracheliidae_X_sp."
"ASV1133",0,0.00071623,0,0.000429738,0,0,0.000190995,"Pro","p__Conosa","c__Mycetozoa-Myxogastrea","o__Stemonitales-Physarales","f__Didymiaceae","g__Didymium","s__unclassified_g__Didymium"
"ASV2617",0,0.001002722,0,0,0,0,0.00016712,"Pro","p__Cercozoa","c__Filosa-Imbricatea","o__Euglyphida","f__Euglyphidae","g__Euglypha","s__Euglypha_rotunda"
"ASV437",0,0,0.00071623,0,0.000572984,0,0.000214869,"Pro","p__Lobosa","c__Tubulinea","o__Nolandida","f__Nolandellidae","g__Nolandellidae_X","s__Nolandellidae_X_sp."
