"","LYL7","LYL8","LYL9","LYL10","LYL11","LYL12","Abundance","Type","phylum","class","order","family","genus","species"
"ASV1",0.133847122,0.111984901,0.091302296,0.121539792,0.116467443,0.092442592,0.111264024,"phoD","p__Proteobacteria","c__Alphaproteobacteria","o__Rhizobiales","f__Bradyrhizobiaceae","g__Bradyrhizobium","s__Bradyrhizobium_sp._CCGE-LA001"
"ASV2",0.025204467,0.038927336,0.068771626,0.037747719,0.031102548,0.029411765,0.038527577,"phoD","p__Proteobacteria","c__Gammaproteobacteria","o__Xanthomonadales","f__Xanthomonadaceae","g__Lysobacter","s__Lysobacter_antibioticus"
"ASV3",0.054852155,0.035860333,0.038455489,0,0.043724442,0.03853413,0.035237758,"phoD","p__Proteobacteria","c__Alphaproteobacteria","o__Rhizobiales","f__Bradyrhizobiaceae","g__Bradyrhizobium","s__Bradyrhizobium_sp._CCGE-LA001"
"ASV9",0.013408304,0.021154451,0.019974835,0.017065115,0.020800566,0.01529569,0.017949827,"phoD","p__Proteobacteria","c__Gammaproteobacteria","o__Pseudomonadales","f__Pseudomonadaceae","g__Pseudomonas","s__Pseudomonas_stutzeri"
"ASV19",0.028821957,0.017654923,0.025007864,0.021115131,0.020721925,0.03633218,0.02494233,"phoD","p__Proteobacteria","c__Alphaproteobacteria","o__Rhizobiales","f__Rhizobiaceae","g__Ensifer","s__Ensifer_sojae"
"ASV15",0.008965083,0.008453916,0.00868984,0.005740799,0.006684492,0.013919472,0.008742267,"phoD","p__Proteobacteria","c__Alphaproteobacteria","o__Rhizobiales","f__Rhizobiaceae","g__Sinorhizobium","s__Sinorhizobium_medicae"
"ASV23",0.005858761,0.003027682,0.005583517,0.007510223,0.00581944,0.007431582,0.005871868,"phoD","p__unclassified_d__Bacteria","c__unclassified_d__Bacteria","o__unclassified_d__Bacteria","f__unclassified_d__Bacteria","g__unclassified_d__Bacteria","s__uncultured_bacterium"
"ASV179",0.005426235,0.009201007,0.008375275,0.0101447,0.01093111,0.004993709,0.008178673,"phoD","p__unclassified_d__Bacteria","c__unclassified_d__Bacteria","o__unclassified_d__Bacteria","f__unclassified_d__Bacteria","g__unclassified_d__Bacteria","s__uncultured_bacterium"
"ASV45",0.003892734,0.005386914,0.004875747,0.005544196,0.002870399,0.006134004,0.004783999,"phoD","p__Proteobacteria","c__Gammaproteobacteria","o__Pseudomonadales","f__Pseudomonadaceae","g__Pseudomonas","s__Pseudomonas_stutzeri"
"ASV86",0.006409248,0.00578012,0.005190311,0.006330607,0.006684492,0.005662158,0.006009489,"phoD","p__Proteobacteria","c__Alphaproteobacteria","o__Rhizobiales","f__Rhizobiaceae","g__Sinorhizobium","s__Sinorhizobium_meliloti"
"ASV50",0.002988361,0.003381567,0.005033029,0.002555835,0.004207298,0.004482542,0.003774772,"phoD","p__Proteobacteria","c__Alphaproteobacteria","o__Rhizobiales","f__Bradyrhizobiaceae","g__Bradyrhizobium","s__Bradyrhizobium_sp._SK17"
"ASV111",0.003814092,0.003381567,0.005268953,0.005229632,0.003224284,0.004010695,0.004154871,"phoD","p__unclassified_d__Bacteria","c__unclassified_d__Bacteria","o__unclassified_d__Bacteria","f__unclassified_d__Bacteria","g__unclassified_d__Bacteria","s__uncultured_bacterium"
"ASV100",0.003499528,0.003067002,0.003420887,0.001218937,0.002595156,0.004010695,0.002968701,"phoD","p__Proteobacteria","c__Alphaproteobacteria","o__Rhizobiales","f__Bradyrhizobiaceae","g__Bradyrhizobium","s__Bradyrhizobium_icense"
"ASV81",0.002555835,0.005701478,0,0.003892734,0.003067002,0.002949041,0.003027682,"phoD","p__unclassified_d__Bacteria","c__unclassified_d__Bacteria","o__unclassified_d__Bacteria","f__unclassified_d__Bacteria","g__unclassified_d__Bacteria","s__uncultured_bacterium"
"ASV153",0.006409248,0.003460208,0.004679144,0.004639824,0.003381567,0.009004404,0.005262399,"phoD","p__Proteobacteria","c__Alphaproteobacteria","o__Rhizobiales","f__Rhizobiaceae","g__Ensifer","s__Ensifer_sojae"
"ASV80",0.002949041,0.004285939,0.002713117,0.004010695,0.004797106,0.002752438,0.003584723,"phoD","p__Proteobacteria","c__Alphaproteobacteria","o__Rhodobacterales","f__Rhodobacteraceae","g__Labrenzia","s__Labrenzia_sp._VG12"
"ASV118",0.005229632,0.004954388,0.006212645,0.005504876,0.003696131,0.005308273,0.005150991,"phoD","p__Proteobacteria","c__Alphaproteobacteria","o__Rhizobiales","f__Rhizobiaceae","g__Ensifer","s__Ensifer_adhaerens"
"ASV99",0.003381567,0.001730104,0.002437874,0.00436458,0.005150991,0.003420887,0.003414334,"phoD","p__Proteobacteria","c__Alphaproteobacteria","o__Rhizobiales","f__Bradyrhizobiaceae","g__Bradyrhizobium","s__Bradyrhizobium_sp._CCGE-LA001"
"ASV67",0.001769424,0.00290972,0.003853413,0.001848065,0.002870399,0.001533501,0.002464087,"phoD","p__Proteobacteria","c__Gammaproteobacteria","o__Xanthomonadales","f__Xanthomonadaceae","g__Lysobacter","s__Lysobacter_antibioticus"
"ASV112",0.002044668,0.002477194,0.00220195,0.001376219,0.001218937,0.003696131,0.002169183,"phoD","p__unclassified_d__Bacteria","c__unclassified_d__Bacteria","o__unclassified_d__Bacteria","f__unclassified_d__Bacteria","g__unclassified_d__Bacteria","s__uncultured_bacterium"
"ASV76",0.002437874,0.001297578,0.003027682,0.00220195,0.002831079,0.004679144,0.002745885,"phoD","p__unclassified_d__Bacteria","c__unclassified_d__Bacteria","o__unclassified_d__Bacteria","f__unclassified_d__Bacteria","g__unclassified_d__Bacteria","s__uncultured_bacterium"
"ASV218",0.004993709,0.003342246,0.003067002,0.005308273,0.004757785,0.002870399,0.004056569,"phoD","p__Proteobacteria","c__Alphaproteobacteria","o__Rhizobiales","f__Rhizobiaceae","g__Sinorhizobium","s__Sinorhizobium_meliloti"
"ASV72",0.001572822,0.002123309,0.002949041,0.001966027,0.001179616,0.002280591,0.002011901,"phoD","p__unclassified_d__Bacteria","c__unclassified_d__Bacteria","o__unclassified_d__Bacteria","f__unclassified_d__Bacteria","g__unclassified_d__Bacteria","s__uncultured_bacterium"
"ASV102",0.00145486,0.002280591,0.00074709,0.001651463,0.004521862,0.005622837,0.002713117,"phoD","p__unclassified_d__Bacteria","c__unclassified_d__Bacteria","o__unclassified_d__Bacteria","f__unclassified_d__Bacteria","g__unclassified_d__Bacteria","s__uncultured_bacterium"
"ASV88",0.001376219,0.002359232,0.002516515,0.002123309,0.001966027,0.001887386,0.002038115,"phoD","p__Proteobacteria","c__Alphaproteobacteria","o__Rhizobiales","f__Bradyrhizobiaceae","g__Afipia","s__Afipia_sp._GAS231"
"ASV157",0.003735451,0.005150991,0.003814092,0.00361749,0.002555835,0.003381567,0.003709238,"phoD","p__Proteobacteria","c__Alphaproteobacteria","o__Rhizobiales","f__Rhizobiaceae","g__Ensifer","s__Ensifer_adhaerens"
"ASV96",0.002516515,0.000904372,0.001572822,0.000943693,0.001533501,0.005937402,0.002234718,"phoD","p__unclassified_d__Bacteria","c__unclassified_d__Bacteria","o__unclassified_d__Bacteria","f__unclassified_d__Bacteria","g__unclassified_d__Bacteria","s__uncultured_bacterium"
"ASV75",0.001887386,0.002319912,0.003774772,0.001690783,0.001376219,0.000983014,0.002005348,"phoD","p__unclassified_d__Bacteria","c__unclassified_d__Bacteria","o__unclassified_d__Bacteria","f__unclassified_d__Bacteria","g__unclassified_d__Bacteria","s__uncultured_bacterium"
"ASV139",0.002123309,0.001848065,0.002673797,0.00145486,0.00220195,0.002988361,0.002215057,"phoD","p__Proteobacteria","c__Alphaproteobacteria","o__Rhizobiales","f__Bradyrhizobiaceae","g__Bradyrhizobium","s__Bradyrhizobium_lablabi"
"ASV207",0.002988361,0.001100975,0.001887386,0.002595156,0.002437874,0.002083989,0.00218229,"phoD","p__unclassified_d__Bacteria","c__unclassified_d__Bacteria","o__unclassified_d__Bacteria","f__unclassified_d__Bacteria","g__unclassified_d__Bacteria","s__uncultured_bacterium"
"ASV95",0.001494181,0.001769424,0.001651463,0.002241271,0.002595156,0,0.001625249,"phoD","p__unclassified_d__Bacteria","c__unclassified_d__Bacteria","o__unclassified_d__Bacteria","f__unclassified_d__Bacteria","g__unclassified_d__Bacteria","s__uncultured_bacterium"
"ASV151",0.00220195,0.003460208,0.002437874,0.002044668,0.001572822,0.001887386,0.002267485,"phoD","p__unclassified_d__Bacteria","c__unclassified_d__Bacteria","o__unclassified_d__Bacteria","f__unclassified_d__Bacteria","g__unclassified_d__Bacteria","s__uncultured_bacterium"
"ASV5568",0.002437874,0,0,0,0,0,0.000406312,"phoD","p__unclassified_d__Bacteria","c__unclassified_d__Bacteria","o__unclassified_d__Bacteria","f__unclassified_d__Bacteria","g__unclassified_d__Bacteria","s__uncultured_bacterium"
"ASV115",0.002005348,0.001258257,0.002359232,0.001336898,0.000904372,0.002241271,0.00168423,"phoD","p__unclassified_d__Bacteria","c__unclassified_d__Bacteria","o__unclassified_d__Bacteria","f__unclassified_d__Bacteria","g__unclassified_d__Bacteria","s__uncultured_bacterium"
"ASV77",0.001140296,0.00145486,0.001376219,0.001494181,0.001572822,0.001100975,0.001356559,"phoD","p__unclassified_d__Bacteria","c__unclassified_d__Bacteria","o__unclassified_d__Bacteria","f__unclassified_d__Bacteria","g__unclassified_d__Bacteria","s__uncultured_bacterium"
"ASV132",0.00145486,0.001769424,0.002398553,0.001730104,0.001297578,0.002319912,0.001828405,"phoD","p__Proteobacteria","c__Alphaproteobacteria","o__Rhizobiales","f__Bradyrhizobiaceae","g__Bradyrhizobium","s__Bradyrhizobium_erythrophlei"
"ASV94",0.001612142,0.00070777,0.001336898,0.001887386,0.001258257,0.002241271,0.001507287,"phoD","p__unclassified_d__Bacteria","c__unclassified_d__Bacteria","o__unclassified_d__Bacteria","f__unclassified_d__Bacteria","g__unclassified_d__Bacteria","s__uncultured_bacterium"
"ASV208",0.001651463,0.002870399,0.002005348,0.000983014,0.001730104,0.001100975,0.001723551,"phoD","p__unclassified_d__Bacteria","c__unclassified_d__Bacteria","o__unclassified_d__Bacteria","f__unclassified_d__Bacteria","g__unclassified_d__Bacteria","s__uncultured_bacterium"
"ASV344",0.001572822,0.001494181,0.001297578,0.002005348,0.002044668,0.002437874,0.001808745,"phoD","p__unclassified_d__Bacteria","c__unclassified_d__Bacteria","o__unclassified_d__Bacteria","f__unclassified_d__Bacteria","g__unclassified_d__Bacteria","s__uncultured_bacterium"
"ASV141",0.001808745,0.001533501,0.001690783,0.001769424,0.001926707,0.000629129,0.001559715,"phoD","p__Proteobacteria","c__Gammaproteobacteria","o__Xanthomonadales","f__Xanthomonadaceae","g__Lysobacter","s__Lysobacter_antibioticus"
"ASV2373",0.004443221,0,0,0,0,0.002634476,0.001179616,"phoD","p__Proteobacteria","c__Alphaproteobacteria","o__Rhizobiales","f__Phyllobacteriaceae","g__Mesorhizobium","s__Mesorhizobium_sp._B7"
"ASV379",0.00070777,0.003892734,0.003184964,0.00220195,0.003538849,0.001926707,0.002575496,"phoD","p__Proteobacteria","c__Alphaproteobacteria","o__Rhizobiales","f__Rhizobiaceae","g__Ensifer","s__Ensifer_adhaerens"
"ASV107",0,0,0.003735451,0,0.002949041,0,0.001114082,"phoD","p__unclassified_d__Bacteria","c__unclassified_d__Bacteria","o__unclassified_d__Bacteria","f__unclassified_d__Bacteria","g__unclassified_d__Bacteria","s__uncultured_bacterium"
"ASV213",0.000825731,0.001494181,0.001376219,0.00070777,0.000393205,0.003263605,0.001343452,"phoD","p__unclassified_d__Bacteria","c__unclassified_d__Bacteria","o__unclassified_d__Bacteria","f__unclassified_d__Bacteria","g__unclassified_d__Bacteria","s__uncultured_bacterium"
"ASV137",0.001494181,0.000786411,0.000983014,0.001218937,0.001808745,0.000825731,0.00118617,"phoD","p__unclassified_d__Bacteria","c__unclassified_d__Bacteria","o__unclassified_d__Bacteria","f__unclassified_d__Bacteria","g__unclassified_d__Bacteria","s__uncultured_bacterium"
"ASV189",0.001769424,0.002752438,0.001966027,0.001730104,0.002477194,0.00145486,0.002025008,"phoD","p__unclassified_d__Bacteria","c__unclassified_d__Bacteria","o__unclassified_d__Bacteria","f__unclassified_d__Bacteria","g__unclassified_d__Bacteria","s__uncultured_bacterium"
"ASV212",0.001376219,0.001808745,0.001533501,0.001494181,0.001336898,0.001769424,0.001553161,"phoD","p__unclassified_d__Bacteria","c__unclassified_d__Bacteria","o__unclassified_d__Bacteria","f__unclassified_d__Bacteria","g__unclassified_d__Bacteria","s__uncultured_bacterium"
"ASV172",0.001769424,0.000825731,0.000904372,0.001297578,0.001258257,0.001100975,0.001192723,"phoD","p__unclassified_d__Bacteria","c__unclassified_d__Bacteria","o__unclassified_d__Bacteria","f__unclassified_d__Bacteria","g__unclassified_d__Bacteria","s__uncultured_bacterium"
"ASV117",0.001376219,0.002870399,0.001612142,0.001022334,0,0.001061655,0.001323792,"phoD","p__Proteobacteria","c__Gammaproteobacteria","o__Xanthomonadales","f__Xanthomonadaceae","g__Lysobacter","s__Lysobacter_antibioticus"
"ASV125",0.002595156,0.00145486,0.001179616,0.002123309,0.001887386,0.000786411,0.001671123,"phoD","p__unclassified_d__Bacteria","c__unclassified_d__Bacteria","o__unclassified_d__Bacteria","f__unclassified_d__Bacteria","g__unclassified_d__Bacteria","s__uncultured_bacterium"
"ASV259",0.001061655,0.002083989,0.002241271,0.000550488,0.001179616,0.002398553,0.001585929,"phoD","p__unclassified_d__Bacteria","c__unclassified_d__Bacteria","o__unclassified_d__Bacteria","f__unclassified_d__Bacteria","g__unclassified_d__Bacteria","s__uncultured_bacterium"
"ASV311",0.000825731,0,0.001612142,0.00070777,0.000983014,0.002870399,0.001166509,"phoD","p__unclassified_d__Bacteria","c__unclassified_d__Bacteria","o__unclassified_d__Bacteria","f__unclassified_d__Bacteria","g__unclassified_d__Bacteria","s__uncultured_bacterium"
"ASV437",0.00145486,0.001061655,0.001690783,0.001494181,0.002005348,0.001336898,0.001507288,"phoD","p__unclassified_d__Bacteria","c__unclassified_d__Bacteria","o__unclassified_d__Bacteria","f__unclassified_d__Bacteria","g__unclassified_d__Bacteria","s__uncultured_bacterium"
"ASV373",0.001651463,0.001690783,0.00074709,0.001572822,0.001297578,0.001179616,0.001356559,"phoD","p__unclassified_d__Bacteria","c__unclassified_d__Bacteria","o__unclassified_d__Bacteria","f__unclassified_d__Bacteria","g__unclassified_d__Bacteria","s__uncultured_bacterium"
"ASV264",0.001848065,0.001218937,0.002280591,0.00145486,0.000983014,0.000432526,0.001369666,"phoD","p__unclassified_d__Bacteria","c__unclassified_d__Bacteria","o__unclassified_d__Bacteria","f__unclassified_d__Bacteria","g__unclassified_d__Bacteria","s__uncultured_bacterium"
"ASV214",0.002359232,0.001258257,0.000943693,0.001966027,0.001926707,0.000983014,0.001572822,"phoD","p__Proteobacteria","c__Alphaproteobacteria","o__Rhizobiales","f__Methylobacteriaceae","g__Methylobacterium","s__Methylobacterium_sp._C1"
"ASV299",0.001258257,0.001769424,0.001730104,0.00145486,0.001022334,0.001848065,0.001513841,"phoD","p__unclassified_d__Bacteria","c__unclassified_d__Bacteria","o__unclassified_d__Bacteria","f__unclassified_d__Bacteria","g__unclassified_d__Bacteria","s__uncultured_bacterium"
"ASV386",0.001612142,0.000943693,0.00070777,0.00070777,0.00070777,0.001926707,0.001100975,"phoD","p__Proteobacteria","c__Alphaproteobacteria","o__Rhizobiales","f__Bradyrhizobiaceae","g__Bradyrhizobium","s__Bradyrhizobium_icense"
"ASV228",0.000511167,0.001061655,0,0.000668449,0.000393205,0.000589808,0.000537381,"phoD","p__unclassified_d__Bacteria","c__unclassified_d__Bacteria","o__unclassified_d__Bacteria","f__unclassified_d__Bacteria","g__unclassified_d__Bacteria","s__uncultured_bacterium"
"ASV2404",0.001572822,0.001808745,0.001730104,0.001769424,0.003145643,0.000825731,0.001808745,"phoD","p__Proteobacteria","c__Alphaproteobacteria","o__Rhizobiales","f__Rhizobiaceae","g__Sinorhizobium","s__Sinorhizobium_meliloti"
"ASV320",0.000983014,0.001376219,0.00145486,0.001179616,0.001336898,0.000904372,0.00120583,"phoD","p__Proteobacteria","c__Alphaproteobacteria","o__Rhizobiales","f__Bradyrhizobiaceae","g__Afipia","s__Afipia_sp._GAS231"
"ASV220",0.000471846,0.004050016,0.000786411,0.000589808,0.001376219,0.000511167,0.001297578,"phoD","p__unclassified_d__Bacteria","c__unclassified_d__Bacteria","o__unclassified_d__Bacteria","f__unclassified_d__Bacteria","g__unclassified_d__Bacteria","s__uncultured_bacterium"
"ASV263",0.000668449,0,0.000865052,0.00074709,0.001376219,0.000629129,0.000714323,"phoD","p__unclassified_d__Bacteria","c__unclassified_d__Bacteria","o__unclassified_d__Bacteria","f__unclassified_d__Bacteria","g__unclassified_d__Bacteria","s__uncultured_bacterium"
"ASV297",0.001415539,0.001494181,0.001336898,0.001022334,0.001258257,0.001297578,0.001304131,"phoD","p__unclassified_d__Bacteria","c__unclassified_d__Bacteria","o__unclassified_d__Bacteria","f__unclassified_d__Bacteria","g__unclassified_d__Bacteria","s__uncultured_bacterium"
"ASV168",0.000432526,0.000786411,0.000943693,0.001808745,0.000550488,0.000668449,0.000865052,"phoD","p__unclassified_d__Bacteria","c__unclassified_d__Bacteria","o__unclassified_d__Bacteria","f__unclassified_d__Bacteria","g__unclassified_d__Bacteria","s__uncultured_bacterium"
"ASV261",0,0,0,0,0,0.002044668,0.000340778,"phoD","p__Proteobacteria","c__Alphaproteobacteria","o__Rhizobiales","f__Bradyrhizobiaceae","g__Bradyrhizobium","s__Bradyrhizobium_lablabi"
"ASV1114",0.001140296,0.001376219,0.002005348,0.001061655,0.001612142,0.001887386,0.001513841,"phoD","p__unclassified_d__Bacteria","c__unclassified_d__Bacteria","o__unclassified_d__Bacteria","f__unclassified_d__Bacteria","g__unclassified_d__Bacteria","s__uncultured_bacterium"
"ASV273",0.000393205,0.001100975,0.000668449,0.000432526,0.000235923,0.00070777,0.000589808,"phoD","p__unclassified_d__Bacteria","c__unclassified_d__Bacteria","o__unclassified_d__Bacteria","f__unclassified_d__Bacteria","g__unclassified_d__Bacteria","s__uncultured_bacterium"
"ASV239",0.000550488,0.001258257,0.001022334,0.001100975,0.001061655,0,0.000832285,"phoD","p__unclassified_d__Bacteria","c__unclassified_d__Bacteria","o__unclassified_d__Bacteria","f__unclassified_d__Bacteria","g__unclassified_d__Bacteria","s__uncultured_bacterium"
"ASV333",0.00074709,0.001494181,0,0.001179616,0.000668449,0.000943693,0.000838838,"phoD","p__Proteobacteria","c__Alphaproteobacteria","o__Rhizobiales","f__Bradyrhizobiaceae","g__Bradyrhizobium","s__Bradyrhizobium_icense"
"ASV701",0.000865052,0.001572822,0.001651463,0.002555835,0.001533501,0.000983014,0.001526948,"phoD","p__Proteobacteria","c__Alphaproteobacteria","o__Rhizobiales","f__Rhizobiaceae","g__Ensifer","s__Ensifer_sojae"
"ASV202",0.000275244,0.00070777,0.000983014,0.000471846,0.000865052,0.000589808,0.000648789,"phoD","p__unclassified_d__Bacteria","c__unclassified_d__Bacteria","o__unclassified_d__Bacteria","f__unclassified_d__Bacteria","g__unclassified_d__Bacteria","s__uncultured_bacterium"
"ASV152",0,0,0,0,0,0.001730104,0.000288351,"phoD","p__unclassified_d__Bacteria","c__unclassified_d__Bacteria","o__unclassified_d__Bacteria","f__unclassified_d__Bacteria","g__unclassified_d__Bacteria","s__uncultured_bacterium"
"ASV314",0.000825731,0.001258257,0.001297578,0.000904372,0.001179616,0.000668449,0.001022334,"phoD","p__Proteobacteria","c__Alphaproteobacteria","o__Rhizobiales","f__Rhizobiaceae","g__Sinorhizobium","s__Sinorhizobium_medicae"
"ASV232",0.00145486,0.000904372,0,0.001533501,0.000629129,0.000393205,0.000819178,"phoD","p__unclassified_d__Bacteria","c__unclassified_d__Bacteria","o__unclassified_d__Bacteria","f__unclassified_d__Bacteria","g__unclassified_d__Bacteria","s__uncultured_bacterium"
"ASV2429",0,0,0,0,0,0.007431582,0.001238597,"phoD","p__unclassified_d__Bacteria","c__unclassified_d__Bacteria","o__unclassified_d__Bacteria","f__unclassified_d__Bacteria","g__unclassified_d__Bacteria","s__uncultured_bacterium"
"ASV278",0,0,0,0,0.001926707,0.001572822,0.000583255,"phoD","p__Proteobacteria","c__Alphaproteobacteria","o__Rhizobiales","f__Bradyrhizobiaceae","g__Bradyrhizobium","s__Bradyrhizobium_sp._CCGE-LA001"
"ASV350",0.000786411,0.000432526,0.000983014,0.000393205,0.000668449,0.000393205,0.000609468,"phoD","p__unclassified_d__Bacteria","c__unclassified_d__Bacteria","o__unclassified_d__Bacteria","f__unclassified_d__Bacteria","g__unclassified_d__Bacteria","s__uncultured_bacterium"
"ASV183",0.002398553,0,0,0,0,0.000825731,0.000537381,"phoD","p__unclassified_d__Bacteria","c__unclassified_d__Bacteria","o__unclassified_d__Bacteria","f__unclassified_d__Bacteria","g__unclassified_d__Bacteria","s__uncultured_bacterium"
"ASV2391",0.000668449,0.001336898,0.000865052,0.000904372,0.001061655,0.000550488,0.000897819,"phoD","p__Proteobacteria","c__Alphaproteobacteria","o__Rhizobiales","f__Rhizobiaceae","g__Sinorhizobium","s__Sinorhizobium_sp._CCBAU_05631"
"ASV569",0.001140296,0.001926707,0.001415539,0.000943693,0.000825731,0.001100975,0.00122549,"phoD","p__Proteobacteria","c__Alphaproteobacteria","o__Rhizobiales","f__Rhizobiaceae","g__Ensifer","s__Ensifer_adhaerens"
"ASV358",0.000629129,0.00070777,0.000904372,0,0.000668449,0.001376219,0.000714323,"phoD","p__Proteobacteria","c__Alphaproteobacteria","o__Rhizobiales","f__Bradyrhizobiaceae","g__Bradyrhizobium","s__Bradyrhizobium_icense"
"ASV4813",0,0,0,0,0,0.004443221,0.000740537,"phoD","p__unclassified_d__Bacteria","c__unclassified_d__Bacteria","o__unclassified_d__Bacteria","f__unclassified_d__Bacteria","g__unclassified_d__Bacteria","s__uncultured_bacterium"
"ASV300",0,0.001022334,0,0.000353885,0.00070777,0.001140296,0.000537381,"phoD","p__unclassified_d__Bacteria","c__unclassified_d__Bacteria","o__unclassified_d__Bacteria","f__unclassified_d__Bacteria","g__unclassified_d__Bacteria","s__uncultured_bacterium"
"ASV266",0,0.002083989,0,0,0.001100975,0.000668449,0.000642236,"phoD","p__Actinobacteria_d__Bacteria","c__Actinobacteria_p__Actinobacteria","o__Streptomycetales","f__Streptomycetaceae","g__Streptomyces","s__Streptomyces_sp._3124.6"
"ASV878",0.000865052,0.000511167,0.000589808,0.001140296,0.000314564,0.001022334,0.000740537,"phoD","p__unclassified_d__Bacteria","c__unclassified_d__Bacteria","o__unclassified_d__Bacteria","f__unclassified_d__Bacteria","g__unclassified_d__Bacteria","s__uncultured_bacterium"
"ASV4079",0,0,0.003342246,0,0,0.001572822,0.000819178,"phoD","p__unclassified_d__Bacteria","c__unclassified_d__Bacteria","o__unclassified_d__Bacteria","f__unclassified_d__Bacteria","g__unclassified_d__Bacteria","s__uncultured_bacterium"
"ASV483",0.000550488,0,0,0,0.000471846,0.001061655,0.000347332,"phoD","p__Actinobacteria_d__Bacteria","c__Actinobacteria_p__Actinobacteria","o__Streptosporangiales","f__Nocardiopsaceae","g__Nocardiopsis","s__Nocardiopsis_dassonvillei"
"ASV438",0.001297578,0,0.001612142,0.000393205,0.001494181,0.001651463,0.001074762,"phoD","p__unclassified_d__Bacteria","c__unclassified_d__Bacteria","o__unclassified_d__Bacteria","f__unclassified_d__Bacteria","g__unclassified_d__Bacteria","s__uncultured_bacterium"
"ASV381",0.000275244,0.000235923,0.000786411,0.000393205,0.000353885,0.000393205,0.000406312,"phoD","p__unclassified_d__Bacteria","c__unclassified_d__Bacteria","o__unclassified_d__Bacteria","f__unclassified_d__Bacteria","g__unclassified_d__Bacteria","s__uncultured_bacterium"
"ASV194",0,0,0,0.001179616,0.001022334,0,0.000366992,"phoD","p__unclassified_d__Bacteria","c__unclassified_d__Bacteria","o__unclassified_d__Bacteria","f__unclassified_d__Bacteria","g__unclassified_d__Bacteria","s__uncultured_bacterium"
"ASV591",0.002477194,0,0,0,0.000471846,0,0.000491507,"phoD","p__unclassified_d__Bacteria","c__unclassified_d__Bacteria","o__unclassified_d__Bacteria","f__unclassified_d__Bacteria","g__unclassified_d__Bacteria","s__uncultured_bacterium"
"ASV549",0.000786411,0.001140296,0,0.000589808,0.000511167,0.000235923,0.000543934,"phoD","p__unclassified_d__Bacteria","c__unclassified_d__Bacteria","o__unclassified_d__Bacteria","f__unclassified_d__Bacteria","g__unclassified_d__Bacteria","s__uncultured_bacterium"
"ASV349",0.000235923,0.00070777,0.000353885,0.00074709,7.86e-05,0.000904372,0.000504607,"phoD","p__unclassified_d__Bacteria","c__unclassified_d__Bacteria","o__unclassified_d__Bacteria","f__unclassified_d__Bacteria","g__unclassified_d__Bacteria","s__uncultured_bacterium"
"ASV755",0.000275244,0.000235923,0.000353885,0.000904372,0.00074709,0.00070777,0.000537381,"phoD","p__unclassified_d__Bacteria","c__unclassified_d__Bacteria","o__unclassified_d__Bacteria","f__unclassified_d__Bacteria","g__unclassified_d__Bacteria","s__uncultured_bacterium"
"ASV3242",0,0.002516515,0,0,0.002005348,0.000904372,0.000904373,"phoD","p__unclassified_d__Bacteria","c__unclassified_d__Bacteria","o__unclassified_d__Bacteria","f__unclassified_d__Bacteria","g__unclassified_d__Bacteria","s__uncultured_bacterium"
"ASV455",0,0.001022334,0,0,0.000550488,0.000275244,0.000308011,"phoD","p__Proteobacteria","c__Alphaproteobacteria","o__Rhizobiales","f__Rhizobiaceae","g__Sinorhizobium","s__Sinorhizobium_sp._CCBAU_05631"
"ASV306",0.00074709,0,0.001808745,0,0.000589808,0,0.000524274,"phoD","p__unclassified_d__Bacteria","c__unclassified_d__Bacteria","o__unclassified_d__Bacteria","f__unclassified_d__Bacteria","g__unclassified_d__Bacteria","s__uncultured_bacterium"
"ASV393",0,0,0,0,0.001966027,0.000471846,0.000406312,"phoD","p__Proteobacteria","c__Alphaproteobacteria","o__Rhizobiales","f__Bradyrhizobiaceae","g__Bradyrhizobium","s__Bradyrhizobium_sp._SK17"
"ASV769",0,0.001415539,0,0,0,0,0.000235923,"phoD","p__Actinobacteria_d__Bacteria","c__Actinobacteria_p__Actinobacteria","o__Streptosporangiales","f__Nocardiopsaceae","g__Nocardiopsis","s__Nocardiopsis_dassonvillei"
"ASV235",0.000629129,0,0,0.000786411,0,0,0.000235923,"phoD","p__unclassified_d__Bacteria","c__unclassified_d__Bacteria","o__unclassified_d__Bacteria","f__unclassified_d__Bacteria","g__unclassified_d__Bacteria","s__uncultured_bacterium"
"ASV378",0.000353885,0.000668449,0.000629129,7.86e-05,0.000117962,0.000511167,0.000393199,"phoD","p__unclassified_d__Bacteria","c__unclassified_d__Bacteria","o__unclassified_d__Bacteria","f__unclassified_d__Bacteria","g__unclassified_d__Bacteria","s__uncultured_bacterium"
"ASV505",0.000589808,0.000629129,0.000511167,0.000196603,0.000275244,0.000353885,0.000425973,"phoD","p__unclassified_d__Bacteria","c__unclassified_d__Bacteria","o__unclassified_d__Bacteria","f__unclassified_d__Bacteria","g__unclassified_d__Bacteria","s__uncultured_bacterium"
"ASV4078",0,0,0,0,0.001258257,0.001179616,0.000406312,"phoD","p__Proteobacteria","c__Alphaproteobacteria","o__Rhizobiales","f__Phyllobacteriaceae","g__Mesorhizobium","s__Mesorhizobium_amorphae"
"ASV527",0.00074709,0.000393205,0.000668449,0.000786411,0,0,0.000432526,"phoD","p__unclassified_d__Bacteria","c__unclassified_d__Bacteria","o__unclassified_d__Bacteria","f__unclassified_d__Bacteria","g__unclassified_d__Bacteria","s__uncultured_bacterium"
"ASV440",0,0.002044668,0,0,0,0,0.000340778,"phoD","p__unclassified_d__Bacteria","c__unclassified_d__Bacteria","o__unclassified_d__Bacteria","f__unclassified_d__Bacteria","g__unclassified_d__Bacteria","s__uncultured_bacterium"
"ASV834",0,0.001336898,0,0,0,0,0.000222816,"phoD","p__unclassified_d__Bacteria","c__unclassified_d__Bacteria","o__unclassified_d__Bacteria","f__unclassified_d__Bacteria","g__unclassified_d__Bacteria","s__uncultured_bacterium"
"ASV718",0.001336898,0.000235923,7.86e-05,0.000511167,0.000353885,0,0.000419412,"phoD","p__unclassified_d__Bacteria","c__unclassified_d__Bacteria","o__unclassified_d__Bacteria","f__unclassified_d__Bacteria","g__unclassified_d__Bacteria","s__uncultured_bacterium"
"ASV369",0.000550488,0.000668449,0.000235923,0.000275244,0.000511167,0.000275244,0.000419419,"phoD","p__unclassified_d__Bacteria","c__unclassified_d__Bacteria","o__unclassified_d__Bacteria","f__unclassified_d__Bacteria","g__unclassified_d__Bacteria","s__uncultured_bacterium"
"ASV456",0,0.000471846,0.000589808,0.00070777,0.000196603,0.000157282,0.000353885,"phoD","p__unclassified_d__Bacteria","c__unclassified_d__Bacteria","o__unclassified_d__Bacteria","f__unclassified_d__Bacteria","g__unclassified_d__Bacteria","s__uncultured_bacterium"
"ASV295",0.000983014,0.000235923,0,0.000432526,3.93e-05,0.000275244,0.000327668,"phoD","p__Proteobacteria","c__Betaproteobacteria","o__Rhodocyclales","f__Zoogloeaceae","g__Azoarcus","s__Azoarcus_sp._CIB"
"ASV711",0.000432526,0.000550488,0.000235923,0.000786411,0.000393205,7.86e-05,0.000412859,"phoD","p__Actinobacteria_d__Bacteria","c__Rubrobacteria","o__Rubrobacterales","f__Rubrobacteraceae","g__Rubrobacter","s__Rubrobacter_xylanophilus"
"ASV341",0.000786411,0.001140296,0,0,0.000196603,0,0.000353885,"phoD","p__unclassified_d__Bacteria","c__unclassified_d__Bacteria","o__unclassified_d__Bacteria","f__unclassified_d__Bacteria","g__unclassified_d__Bacteria","s__uncultured_bacterium"
"ASV609",0.000629129,0,0.000432526,0.000471846,0.00074709,0.000353885,0.000439079,"phoD","p__unclassified_d__Bacteria","c__unclassified_d__Bacteria","o__unclassified_d__Bacteria","f__unclassified_d__Bacteria","g__unclassified_d__Bacteria","s__uncultured_bacterium"
"ASV2384",0,0,0,0.001022334,0.000511167,0,0.000255584,"phoD","p__unclassified_d__Bacteria","c__unclassified_d__Bacteria","o__unclassified_d__Bacteria","f__unclassified_d__Bacteria","g__unclassified_d__Bacteria","s__uncultured_bacterium"
"ASV383",0,0,0.001808745,0,0,0.000471846,0.000380099,"phoD","p__unclassified_d__Bacteria","c__unclassified_d__Bacteria","o__unclassified_d__Bacteria","f__unclassified_d__Bacteria","g__unclassified_d__Bacteria","s__uncultured_bacterium"
"ASV442",0.00070777,0,0.001100975,0,0.000471846,0,0.000380099,"phoD","p__unclassified_d__Bacteria","c__unclassified_d__Bacteria","o__unclassified_d__Bacteria","f__unclassified_d__Bacteria","g__unclassified_d__Bacteria","s__uncultured_bacterium"
"ASV533",0,0,0.000943693,0,0.001494181,0.000629129,0.000511167,"phoD","p__Proteobacteria","c__Alphaproteobacteria","o__Rhizobiales","f__Rhizobiaceae","g__Sinorhizobium","s__Sinorhizobium_fredii"
"ASV556",0.000235923,0.000432526,0.000275244,0,0.00074709,0.000196603,0.000314564,"phoD","p__unclassified_d__Bacteria","c__unclassified_d__Bacteria","o__unclassified_d__Bacteria","f__unclassified_d__Bacteria","g__unclassified_d__Bacteria","s__uncultured_bacterium"
"ASV343",0.001061655,0.000904372,0,0,0,0,0.000327671,"phoD","p__unclassified_d__Bacteria","c__unclassified_d__Bacteria","o__unclassified_d__Bacteria","f__unclassified_d__Bacteria","g__unclassified_d__Bacteria","s__uncultured_bacterium"
"ASV600",0,0,0.000668449,0.000117962,0,0.000353885,0.000190049,"phoD","p__unclassified_d__Bacteria","c__unclassified_d__Bacteria","o__unclassified_d__Bacteria","f__unclassified_d__Bacteria","g__unclassified_d__Bacteria","s__uncultured_bacterium"
"ASV429",0.000904372,0.000393205,0.000432526,0.000157282,0.001022334,0,0.000484953,"phoD","p__unclassified_d__Bacteria","c__unclassified_d__Bacteria","o__unclassified_d__Bacteria","f__unclassified_d__Bacteria","g__unclassified_d__Bacteria","s__uncultured_bacterium"
"ASV536",0,0,0.000589808,0,0.001494181,0.000511167,0.000432526,"phoD","p__Proteobacteria","c__Alphaproteobacteria","o__Rhizobiales","f__Phyllobacteriaceae","g__Mesorhizobium","s__Mesorhizobium_sp._B7"
"ASV803",0,0.000393205,0,0.000196603,0.000235923,0.000550488,0.00022937,"phoD","p__Proteobacteria","c__Gammaproteobacteria","o__Pseudomonadales","f__Pseudomonadaceae","g__Pseudomonas","s__Pseudomonas_stutzeri"
"ASV1236",0.001022334,0,0,0.000668449,0.000786411,0.000314564,0.000465293,"phoD","p__Proteobacteria","c__Alphaproteobacteria","o__Rhizobiales","f__Rhizobiaceae","g__Sinorhizobium","s__Sinorhizobium_sp._CCBAU_05631"
"ASV3213",0.003067002,0,0,0,0,0,0.000511167,"phoD","p__Proteobacteria","c__Alphaproteobacteria","o__Rhizobiales","f__Bradyrhizobiaceae","g__Bradyrhizobium","s__Bradyrhizobium_sp._CCGE-LA001"
"ASV906",0,0.000353885,0.000314564,0.001061655,0.000235923,0.000275244,0.000373545,"phoD","p__Actinobacteria_d__Bacteria","c__Actinobacteria_p__Actinobacteria","o__Glycomycetales","f__Glycomycetaceae","g__Stackebrandtia","s__Stackebrandtia_nassauensis"
"ASV439",0,0,0,0.000629129,0.00074709,0,0.00022937,"phoD","p__unclassified_d__Bacteria","c__unclassified_d__Bacteria","o__unclassified_d__Bacteria","f__unclassified_d__Bacteria","g__unclassified_d__Bacteria","s__uncultured_bacterium"
"ASV558",0.000157282,0.000275244,0.000550488,0.000865052,0.000196603,0.000235923,0.000380099,"phoD","p__Proteobacteria","c__Gammaproteobacteria","o__Pseudomonadales","f__Pseudomonadaceae","g__Pseudomonas","s__Pseudomonas_stutzeri"
"ASV943",0.000157282,0.000235923,0.000196603,0.000629129,0.000471846,0,0.000281797,"phoD","p__unclassified_d__Bacteria","c__unclassified_d__Bacteria","o__unclassified_d__Bacteria","f__unclassified_d__Bacteria","g__unclassified_d__Bacteria","s__uncultured_bacterium"
"ASV364",0,0.000432526,0,0.000550488,0.000393205,0,0.00022937,"phoD","p__unclassified_d__Bacteria","c__unclassified_d__Bacteria","o__unclassified_d__Bacteria","f__unclassified_d__Bacteria","g__unclassified_d__Bacteria","s__uncultured_bacterium"
"ASV384",0.000117962,0.000589808,0,0.000314564,0.000196603,0.000157282,0.00022937,"phoD","p__unclassified_d__Bacteria","c__unclassified_d__Bacteria","o__unclassified_d__Bacteria","f__unclassified_d__Bacteria","g__unclassified_d__Bacteria","s__uncultured_bacterium"
"ASV488",0,0.000314564,0,0.000432526,0,0.000629129,0.00022937,"phoD","p__unclassified_d__Bacteria","c__unclassified_d__Bacteria","o__unclassified_d__Bacteria","f__unclassified_d__Bacteria","g__unclassified_d__Bacteria","s__uncultured_bacterium"
"ASV4814",0,0.000157282,0,0,0,0.003302925,0.000576701,"phoD","p__Proteobacteria","c__Gammaproteobacteria","o__Pseudomonadales","f__Pseudomonadaceae","g__Pseudomonas","s__Pseudomonas_mandelii"
"ASV543",0,0,0,0.001061655,0,0,0.000176943,"phoD","p__unclassified_d__Bacteria","c__unclassified_d__Bacteria","o__unclassified_d__Bacteria","f__unclassified_d__Bacteria","g__unclassified_d__Bacteria","s__uncultured_bacterium"
"ASV2756",0,0,0,0.000117962,0.002831079,0,0.000491507,"phoD","p__unclassified_d__Bacteria","c__unclassified_d__Bacteria","o__unclassified_d__Bacteria","f__unclassified_d__Bacteria","g__unclassified_d__Bacteria","s__uncultured_bacterium"
"ASV337",0,0,0.001258257,0,0.00070777,0,0.000327671,"phoD","p__Proteobacteria","c__Alphaproteobacteria","o__Rhizobiales","f__Bradyrhizobiaceae","g__Afipia","s__Afipia_sp._GAS231"
"ASV589",0.000943693,0,0,0,0,0.000786411,0.000288351,"phoD","p__unclassified_d__Bacteria","c__unclassified_d__Bacteria","o__unclassified_d__Bacteria","f__unclassified_d__Bacteria","g__unclassified_d__Bacteria","s__uncultured_bacterium"
"ASV405",0,0.00070777,0,0,0.000393205,0,0.000183496,"phoD","p__unclassified_d__Bacteria","c__unclassified_d__Bacteria","o__unclassified_d__Bacteria","f__unclassified_d__Bacteria","g__unclassified_d__Bacteria","s__uncultured_bacterium"
"ASV813",0.000511167,0.000275244,0.000589808,0,0.000393205,0,0.000294904,"phoD","p__unclassified_d__Bacteria","c__unclassified_d__Bacteria","o__unclassified_d__Bacteria","f__unclassified_d__Bacteria","g__unclassified_d__Bacteria","s__uncultured_bacterium"
"ASV3223",0.00074709,0.000393205,0,0,0,0.000786411,0.000321118,"phoD","p__unclassified_d__Bacteria","c__unclassified_d__Bacteria","o__unclassified_d__Bacteria","f__unclassified_d__Bacteria","g__unclassified_d__Bacteria","s__uncultured_bacterium"
"ASV339",0.001100975,0,0,0,0.000668449,0,0.000294904,"phoD","p__unclassified_d__Bacteria","c__unclassified_d__Bacteria","o__unclassified_d__Bacteria","f__unclassified_d__Bacteria","g__unclassified_d__Bacteria","s__uncultured_bacterium"
"ASV8750",0,0.001022334,0,0.002241271,0,0,0.000543934,"phoD","p__Proteobacteria","c__Alphaproteobacteria","o__Rhizobiales","f__Rhizobiaceae","g__Ensifer","s__Ensifer_adhaerens"
"ASV4815",0,0,0,0,0,0.00216263,0.000360438,"phoD","p__Actinobacteria_d__Bacteria","c__Actinobacteria_p__Actinobacteria","o__Pseudonocardiales","f__Pseudonocardiaceae","g__Saccharomonospora","s__Saccharomonospora_viridis"
"ASV669",0,0,0,0.001572822,0,0.000314564,0.000314564,"phoD","p__unclassified_d__Bacteria","c__unclassified_d__Bacteria","o__unclassified_d__Bacteria","f__unclassified_d__Bacteria","g__unclassified_d__Bacteria","s__uncultured_bacterium_contig00036"
"ASV597",0,0,0,0,0.000825731,0.000511167,0.000222816,"phoD","p__Proteobacteria","c__Alphaproteobacteria","o__Rhizobiales","f__Bradyrhizobiaceae","g__Bradyrhizobium","s__Bradyrhizobium_sp._SK17"
"ASV4821",0,0.000511167,0,0,0,0.000983014,0.00024903,"phoD","p__unclassified_d__Bacteria","c__unclassified_d__Bacteria","o__unclassified_d__Bacteria","f__unclassified_d__Bacteria","g__unclassified_d__Bacteria","s__uncultured_bacterium"
"ASV4199",0,0,0.000471846,0,0,0.001572822,0.000340778,"phoD","p__Proteobacteria","c__Alphaproteobacteria","o__Rhizobiales","f__Bradyrhizobiaceae","g__Bradyrhizobium","s__Bradyrhizobium_icense"
"ASV518",0.000157282,0.000432526,0.000393205,0,7.86e-05,0.000275244,0.00022281,"phoD","p__unclassified_d__Bacteria","c__unclassified_d__Bacteria","o__unclassified_d__Bacteria","f__unclassified_d__Bacteria","g__unclassified_d__Bacteria","s__uncultured_bacterium"
"ASV3237",0,0,0,0,0,0.001730104,0.000288351,"phoD","p__Proteobacteria","c__Alphaproteobacteria","o__Rhizobiales","f__Rhizobiaceae","g__Sinorhizobium","s__Sinorhizobium_fredii"
"ASV8748",0,0.003263605,0,0,0,0,0.000543934,"phoD","p__unclassified_d__Bacteria","c__unclassified_d__Bacteria","o__unclassified_d__Bacteria","f__unclassified_d__Bacteria","g__unclassified_d__Bacteria","s__uncultured_bacterium"
"ASV997",0,0,0.000432526,0.000353885,0,0.000393205,0.000196603,"phoD","p__unclassified_d__Bacteria","c__unclassified_d__Bacteria","o__unclassified_d__Bacteria","f__unclassified_d__Bacteria","g__unclassified_d__Bacteria","s__uncultured_bacterium"
"ASV516",0,0,0,0,0,0.001218937,0.000203156,"phoD","p__unclassified_d__Bacteria","c__unclassified_d__Bacteria","o__unclassified_d__Bacteria","f__unclassified_d__Bacteria","g__unclassified_d__Bacteria","s__uncultured_bacterium"
"ASV570",0.000393205,0.000235923,0.000275244,0.000629129,0,0,0.000255584,"phoD","p__unclassified_d__Bacteria","c__unclassified_d__Bacteria","o__unclassified_d__Bacteria","f__unclassified_d__Bacteria","g__unclassified_d__Bacteria","s__uncultured_bacterium"
"ASV801",0,0.000511167,0,0.00070777,0,0,0.000203156,"phoD","p__unclassified_d__Bacteria","c__unclassified_d__Bacteria","o__unclassified_d__Bacteria","f__unclassified_d__Bacteria","g__unclassified_d__Bacteria","s__uncultured_bacterium"
"ASV1305",0.000314564,0.001966027,0,0,0.000196603,0,0.000412866,"phoD","p__unclassified_d__Bacteria","c__unclassified_d__Bacteria","o__unclassified_d__Bacteria","f__unclassified_d__Bacteria","g__unclassified_d__Bacteria","s__uncultured_bacterium"
"ASV7043",0.000314564,0.001572822,0,0.000825731,0,0,0.000452186,"phoD","p__unclassified_d__Bacteria","c__unclassified_d__Bacteria","o__unclassified_d__Bacteria","f__unclassified_d__Bacteria","g__unclassified_d__Bacteria","s__uncultured_bacterium"
"ASV791",0.000314564,0.000825731,0,0,0,0,0.000190049,"phoD","p__unclassified_d__Bacteria","c__unclassified_d__Bacteria","o__unclassified_d__Bacteria","f__unclassified_d__Bacteria","g__unclassified_d__Bacteria","s__uncultured_bacterium"
"ASV2390",0,0,0.001218937,0,0,0,0.000203156,"phoD","p__Proteobacteria","c__Alphaproteobacteria","o__Rhizobiales","f__Bradyrhizobiaceae","g__Bradyrhizobium","s__Bradyrhizobium_sp._SK17"
"ASV6371",0,0,0,0,0.002083989,0,0.000347332,"phoD","p__Proteobacteria","c__Alphaproteobacteria","o__Rhizobiales","f__Bradyrhizobiaceae","g__Bradyrhizobium","s__Bradyrhizobium_lablabi"
"ASV771",0,0,0,0,0,0.001022334,0.000170389,"phoD","p__unclassified_d__Bacteria","c__unclassified_d__Bacteria","o__unclassified_d__Bacteria","f__unclassified_d__Bacteria","g__unclassified_d__Bacteria","s__uncultured_bacterium"
"ASV4822",0,0.000157282,0,0,0,0.000983014,0.000190049,"phoD","p__Proteobacteria","c__Alphaproteobacteria","o__Rhizobiales","f__Bradyrhizobiaceae","g__Bradyrhizobium","s__Bradyrhizobium_erythrophlei"
"ASV2406",0,0,0,0.001218937,0,0.000471846,0.000281797,"phoD","p__Proteobacteria","c__Alphaproteobacteria","o__Rhizobiales","f__Bradyrhizobiaceae","g__Afipia","s__Afipia_sp._GAS231"
"ASV728",0,0.000471846,0,0.000511167,0,0.00070777,0.000281797,"phoD","p__unclassified_d__Bacteria","c__unclassified_d__Bacteria","o__unclassified_d__Bacteria","f__unclassified_d__Bacteria","g__unclassified_d__Bacteria","s__uncultured_bacterium"
"ASV409",0.000196603,0.000904372,0,0,0,0,0.000183496,"phoD","p__Actinobacteria_d__Bacteria","c__Actinobacteria_p__Actinobacteria","o__Micromonosporales","f__Micromonosporaceae","g__Micromonospora","s__Micromonospora_krabiensis"
"ASV7513",0,0.001140296,0.001376219,0,0,0,0.000419419,"phoD","p__unclassified_d__Bacteria","c__unclassified_d__Bacteria","o__unclassified_d__Bacteria","f__unclassified_d__Bacteria","g__unclassified_d__Bacteria","s__uncultured_bacterium"
"ASV4835",0,0.000314564,0,0,0,0.000786411,0.000183496,"phoD","p__unclassified_d__Bacteria","c__unclassified_d__Bacteria","o__unclassified_d__Bacteria","f__unclassified_d__Bacteria","g__unclassified_d__Bacteria","s__uncultured_bacterium"
"ASV3295",0,0.000589808,0,0.000983014,0.000353885,0,0.000321118,"phoD","p__Proteobacteria","c__Alphaproteobacteria","o__Rhizobiales","f__Rhizobiaceae","g__Sinorhizobium","s__Sinorhizobium_fredii"
"ASV1423",0.000511167,0,0,0,0.000314564,0.000668449,0.00024903,"phoD","p__unclassified_d__Bacteria","c__unclassified_d__Bacteria","o__unclassified_d__Bacteria","f__unclassified_d__Bacteria","g__unclassified_d__Bacteria","s__uncultured_bacterium"
"ASV541",0,0,0.000904372,0,0.000353885,0,0.00020971,"phoD","p__unclassified_d__Bacteria","c__unclassified_d__Bacteria","o__unclassified_d__Bacteria","f__unclassified_d__Bacteria","g__unclassified_d__Bacteria","s__uncultured_bacterium"
"ASV758",0,0,0,0,0.000432526,0.000629129,0.000176943,"phoD","p__unclassified_d__Bacteria","c__unclassified_d__Bacteria","o__unclassified_d__Bacteria","f__unclassified_d__Bacteria","g__unclassified_d__Bacteria","s__uncultured_bacterium"
"ASV2418",0,0.000432526,0.000825731,0,0,0,0.00020971,"phoD","p__unclassified_d__Bacteria","c__unclassified_d__Bacteria","o__unclassified_d__Bacteria","f__unclassified_d__Bacteria","g__unclassified_d__Bacteria","s__uncultured_bacterium"
"ASV4105",0,0,0,0,0.000393205,0.000825731,0.000203156,"phoD","p__unclassified_d__Bacteria","c__unclassified_d__Bacteria","o__unclassified_d__Bacteria","f__unclassified_d__Bacteria","g__unclassified_d__Bacteria","s__uncultured_bacterium"
"ASV2465",0.000393205,0,0,0.000196603,0.000353885,0.000157282,0.000183496,"phoD","p__unclassified_d__Bacteria","c__unclassified_d__Bacteria","o__unclassified_d__Bacteria","f__unclassified_d__Bacteria","g__unclassified_d__Bacteria","s__uncultured_bacterium"
"ASV6383",0,0.001494181,0,0,0.000511167,0,0.000334225,"phoD","p__unclassified_d__Bacteria","c__unclassified_d__Bacteria","o__unclassified_d__Bacteria","f__unclassified_d__Bacteria","g__unclassified_d__Bacteria","s__uncultured_bacterium"
"ASV832",0,0,0.000275244,0,0.000314564,0.00070777,0.000216263,"phoD","p__Proteobacteria","c__Alphaproteobacteria","o__Rhizobiales","f__Rhizobiaceae","g__Sinorhizobium","s__Sinorhizobium_sp._CCBAU_05631"
"ASV3298",0,0.000786411,0,0.000865052,0,0,0.000275244,"phoD","p__Proteobacteria","c__Alphaproteobacteria","o__Rhizobiales","f__Bradyrhizobiaceae","g__Bradyrhizobium","s__Bradyrhizobium_sp._SK17"
"ASV606",0.000825731,0,0,7.86e-05,0,0.000117962,0.000170382,"phoD","p__unclassified_d__Bacteria","c__unclassified_d__Bacteria","o__unclassified_d__Bacteria","f__unclassified_d__Bacteria","g__unclassified_d__Bacteria","s__uncultured_bacterium"
"ASV4825",0,0,0,0,0.000668449,0.000786411,0.000242477,"phoD","p__Proteobacteria","c__Alphaproteobacteria","o__Rhizobiales","f__Bradyrhizobiaceae","g__Bradyrhizobium","s__Bradyrhizobium_sp._SK17"
"ASV5594",0,0.001297578,0,0,0,0,0.000216263,"phoD","p__Proteobacteria","c__Alphaproteobacteria","o__Rhizobiales","f__Bradyrhizobiaceae","g__Bradyrhizobium","s__Bradyrhizobium_sp._CCGE-LA001"
"ASV1091",0.000353885,0.000314564,0,0,0,0.000471846,0.000190049,"phoD","p__Actinobacteria_d__Bacteria","c__Actinobacteria_p__Actinobacteria","o__Corynebacteriales","f__Nocardiaceae","g__Nocardia","s__Nocardia_brasiliensis"
"ASV6372",0,0,0,0,0.001415539,0,0.000235923,"phoD","p__unclassified_d__Bacteria","c__unclassified_d__Bacteria","o__unclassified_d__Bacteria","f__unclassified_d__Bacteria","g__unclassified_d__Bacteria","s__uncultured_bacterium"
"ASV2515",0.000629129,0,0,0.000235923,0,0.000393205,0.00020971,"phoD","p__Proteobacteria","c__Alphaproteobacteria","o__Rhizobiales","f__Aurantimonadaceae","g__Aurantimonas","s__Aurantimonas_coralicida"
"ASV2637",0,0.000432526,0,0.001336898,0,0,0.000294904,"phoD","p__unclassified_d__Bacteria","c__unclassified_d__Bacteria","o__unclassified_d__Bacteria","f__unclassified_d__Bacteria","g__unclassified_d__Bacteria","s__uncultured_bacterium"
"ASV7512",0,0,0.001848065,0,0,0,0.000308011,"phoD","p__unclassified_d__Bacteria","c__unclassified_d__Bacteria","o__unclassified_d__Bacteria","f__unclassified_d__Bacteria","g__unclassified_d__Bacteria","s__uncultured_bacterium"
"ASV9261",0,0,0,0.001572822,0,0,0.000262137,"phoD","p__unclassified_d__Bacteria","c__unclassified_d__Bacteria","o__unclassified_d__Bacteria","f__unclassified_d__Bacteria","g__unclassified_d__Bacteria","s__uncultured_bacterium"
"ASV3256",0,0,0.000550488,0,0.000511167,0,0.000176943,"phoD","p__unclassified_d__Bacteria","c__unclassified_d__Bacteria","o__unclassified_d__Bacteria","f__unclassified_d__Bacteria","g__unclassified_d__Bacteria","s__uncultured_bacterium"
"ASV4837",0,0,0.000314564,0,0.000353885,0.00070777,0.00022937,"phoD","p__Proteobacteria","c__Alphaproteobacteria","o__Rhizobiales","f__Bradyrhizobiaceae","g__Bradyrhizobium","s__Bradyrhizobium_icense"
"ASV4840",0.000983014,0,0,0,0,0.000668449,0.000275244,"phoD","p__Proteobacteria","c__Alphaproteobacteria","o__Rhizobiales","f__Bradyrhizobiaceae","g__Bradyrhizobium","s__Bradyrhizobium_lablabi"
"ASV8769",0,0.000393205,0,0.001179616,0,0,0.000262137,"phoD","p__unclassified_d__Bacteria","c__unclassified_d__Bacteria","o__unclassified_d__Bacteria","f__unclassified_d__Bacteria","g__unclassified_d__Bacteria","s__uncultured_bacterium"
"ASV8749",0,0.001415539,0,0,0,0,0.000235923,"phoD","p__unclassified_d__Bacteria","c__unclassified_d__Bacteria","o__unclassified_d__Bacteria","f__unclassified_d__Bacteria","g__unclassified_d__Bacteria","s__uncultured_bacterium"
"ASV2733",0,0,0,0,7.86e-05,0.001297578,0.000229363,"phoD","p__Proteobacteria","c__Alphaproteobacteria","o__Rhizobiales","f__Bradyrhizobiaceae","g__Bradyrhizobium","s__Bradyrhizobium_japonicum"
"ASV8074",0.000668449,0,0,0.000825731,0,0,0.00024903,"phoD","p__unclassified_d__Bacteria","c__unclassified_d__Bacteria","o__unclassified_d__Bacteria","f__unclassified_d__Bacteria","g__unclassified_d__Bacteria","s__uncultured_bacterium"
"ASV8062",0.001612142,0,0,0,0,0,0.00026869,"phoD","p__Actinobacteria_d__Bacteria","c__Actinobacteria_p__Actinobacteria","o__Pseudonocardiales","f__Pseudonocardiaceae","g__Saccharomonospora","s__Saccharomonospora_viridis"
"ASV7054",0.00070777,0.000550488,0,0,0,0,0.00020971,"phoD","p__unclassified_d__Bacteria","c__unclassified_d__Bacteria","o__unclassified_d__Bacteria","f__unclassified_d__Bacteria","g__unclassified_d__Bacteria","s__uncultured_bacterium"
"ASV3402",0,0,0,0.001061655,0,0,0.000176943,"phoD","p__Actinobacteria_d__Bacteria","c__Rubrobacteria","o__Rubrobacterales","f__Rubrobacteraceae","g__Rubrobacter","s__Rubrobacter_radiotolerans"
"ASV7514",0,0,0.001061655,0,0,0,0.000176943,"phoD","p__unclassified_d__Bacteria","c__unclassified_d__Bacteria","o__unclassified_d__Bacteria","f__unclassified_d__Bacteria","g__unclassified_d__Bacteria","s__uncultured_bacterium"
"ASV4838",0,0,0.000511167,0,0,0.000668449,0.000196603,"phoD","p__unclassified_d__Bacteria","c__unclassified_d__Bacteria","o__unclassified_d__Bacteria","f__unclassified_d__Bacteria","g__unclassified_d__Bacteria","s__uncultured_bacterium"
"ASV1595",0.000196603,0.000511167,0,0.000314564,0,0,0.000170389,"phoD","p__unclassified_d__Bacteria","c__unclassified_d__Bacteria","o__unclassified_d__Bacteria","f__unclassified_d__Bacteria","g__unclassified_d__Bacteria","s__uncultured_bacterium"
"ASV9262",0,0,0,0.001179616,0,0,0.000196603,"phoD","p__unclassified_d__Bacteria","c__unclassified_d__Bacteria","o__unclassified_d__Bacteria","f__unclassified_d__Bacteria","g__unclassified_d__Bacteria","s__uncultured_bacterium"
"ASV4818",0,0,0,0,0,0.001179616,0.000196603,"phoD","p__Proteobacteria","c__Gammaproteobacteria","o__Xanthomonadales","f__Xanthomonadaceae","g__Lysobacter","s__Lysobacter_antibioticus"
"ASV7521",0,0.000629129,0.00070777,0,0,0,0.000222817,"phoD","p__unclassified_d__Bacteria","c__unclassified_d__Bacteria","o__unclassified_d__Bacteria","f__unclassified_d__Bacteria","g__unclassified_d__Bacteria","s__uncultured_bacterium"
"ASV9263",0,0,0,0.001022334,0,0,0.000170389,"phoD","p__unclassified_d__Bacteria","c__unclassified_d__Bacteria","o__unclassified_d__Bacteria","f__unclassified_d__Bacteria","g__unclassified_d__Bacteria","s__uncultured_bacterium"
"ASV4860",0,0,0,0,0.000589808,0.000432526,0.000170389,"phoD","p__Proteobacteria","c__Alphaproteobacteria","o__Rhizobiales","f__Phyllobacteriaceae","g__Mesorhizobium","s__Mesorhizobium_opportunistum"
"ASV7515",0,0,0.001179616,0,0,0,0.000196603,"phoD","p__unclassified_d__Bacteria","c__unclassified_d__Bacteria","o__unclassified_d__Bacteria","f__unclassified_d__Bacteria","g__unclassified_d__Bacteria","s__uncultured_bacterium"
"ASV8773",0,0.000471846,0,0.00070777,0,0,0.000196603,"phoD","p__unclassified_d__Bacteria","c__unclassified_d__Bacteria","o__unclassified_d__Bacteria","f__unclassified_d__Bacteria","g__unclassified_d__Bacteria","s__uncultured_bacterium"
"ASV8751",0,0.001061655,0,0,0,0,0.000176943,"phoD","p__unclassified_d__Bacteria","c__unclassified_d__Bacteria","o__unclassified_d__Bacteria","f__unclassified_d__Bacteria","g__unclassified_d__Bacteria","s__uncultured_bacterium"
"ASV7516",0,0,0.001061655,0,0,0,0.000176943,"phoD","p__Proteobacteria","c__Alphaproteobacteria","o__Rhizobiales","f__Rhizobiaceae","g__Shinella","s__Shinella_sp._HZN7"
"ASV8065",0.001140296,0,0,0,0,0,0.000190049,"phoD","p__unclassified_d__Bacteria","c__unclassified_d__Bacteria","o__unclassified_d__Bacteria","f__unclassified_d__Bacteria","g__unclassified_d__Bacteria","s__uncultured_bacterium"
"ASV8067",0.001140296,0,0,0,0,0,0.000190049,"phoD","p__Proteobacteria","c__Alphaproteobacteria","o__Rhizobiales","f__Bradyrhizobiaceae","g__Afipia","s__Afipia_sp._GAS231"
"ASV8066",0.001140296,0,0,0,0,0,0.000190049,"phoD","p__Proteobacteria","c__Gammaproteobacteria","o__Xanthomonadales","f__Xanthomonadaceae","g__Lysobacter","s__Lysobacter_capsici"
"ASV8754",0,0.001100975,0,0,0,0,0.000183496,"phoD","p__Proteobacteria","c__Alphaproteobacteria","o__Rhizobiales","f__Bradyrhizobiaceae","g__Afipia","s__Afipia_sp._GAS231"
"ASV4824",0,0,0,0,0,0.001022334,0.000170389,"phoD","p__unclassified_d__Bacteria","c__unclassified_d__Bacteria","o__unclassified_d__Bacteria","f__unclassified_d__Bacteria","g__unclassified_d__Bacteria","s__uncultured_bacterium"
"ASV8068",0.001179616,0,0,0,0,0,0.000196603,"phoD","p__unclassified_d__Bacteria","c__unclassified_d__Bacteria","o__unclassified_d__Bacteria","f__unclassified_d__Bacteria","g__unclassified_d__Bacteria","s__uncultured_bacterium"
"ASV8069",0.001022334,0,0,0,0,0,0.000170389,"phoD","p__Proteobacteria","c__Alphaproteobacteria","o__Rhizobiales","f__Bradyrhizobiaceae","g__Bradyrhizobium","s__Bradyrhizobium_lablabi"
"ASV9265",0,0,0,0.001022334,0,0,0.000170389,"phoD","p__Proteobacteria","c__Gammaproteobacteria","o__Pseudomonadales","f__Pseudomonadaceae","g__Pseudomonas","s__Pseudomonas_lini"
